,0
0,-0.0302734375
1,-0.2060546875
2,-0.1435546875
3,-0.0751953125
4,-0.078125
5,-0.47265625
6,-0.1337890625
7,-0.0419921875
8,-0.076171875
9,-0.2177734375
10,-0.10546875
11,-0.0185546875
12,-0.0595703125
13,-0.1689453125
14,-0.05859375
15,0.015625
16,-0.03125
17,-0.1513671875
18,-0.005859375
19,0.07421875
20,0.0224609375
21,-0.10546875
22,-0.0439453125
23,0.0302734375
24,-0.0205078125
25,-0.1552734375
26,-0.0107421875
27,0.0703125
28,0.01953125
29,-0.109375
30,0.0244140625
31,0.1025390625
32,0.0439453125
33,-0.1005859375
34,0.0341796875
35,0.10546875
36,0.048828125
37,-0.0751953125
38,-0.048828125
39,0.029296875
40,-0.015625
41,-0.1357421875
42,0.0087890625
43,0.0859375
44,0.03125
45,-0.05859375
46,0.0712890625
47,0.1396484375
48,0.0732421875
49,-0.0439453125
50,0.0146484375
51,0.080078125
52,0.0146484375
53,-0.1728515625
54,-0.0283203125
55,0.0556640625
56,0.0068359375
57,-0.1240234375
58,0.0146484375
59,0.0927734375
60,0.0361328125
61,-0.1015625
62,-0.07421875
63,0.005859375
64,-0.037109375
65,-0.171875
66,-0.0927734375
67,-0.005859375
68,-0.044921875
69,-0.1650390625
70,-0.017578125
71,0.06640625
72,0.0166015625
73,-0.0654296875
74,0.0673828125
75,0.1376953125
76,0.0703125
77,-0.01171875
78,0.1123046875
79,0.1767578125
80,0.1005859375
81,-0.01953125
82,0.1015625
83,0.166015625
84,0.0927734375
85,-0.048828125
86,0.076171875
87,0.140625
88,0.072265625
89,-0.013671875
90,0.109375
91,0.173828125
92,0.095703125
93,-0.0654296875
94,-0.0107421875
95,0.0576171875
96,-0.005859375
97,-0.1982421875
98,-0.046875
99,0.0400390625
100,-0.0087890625
101,-0.130859375
102,-0.0693359375
103,0.0068359375
104,-0.041015625
105,-0.1650390625
106,-0.0576171875
107,0.017578125
108,-0.0341796875
109,-0.2138671875
110,-0.0595703125
111,0.0302734375
112,-0.0126953125
113,-0.15625
114,-0.0107421875
115,0.0703125
116,0.0166015625
117,-0.0634765625
118,0.0693359375
119,0.1416015625
120,0.0693359375
121,-0.0546875
122,0.0712890625
123,0.142578125
124,0.0712890625
125,-0.0615234375
126,0.064453125
127,0.1318359375
128,0.064453125
129,-0.0830078125
130,-0.0498046875
131,0.0234375
132,-0.0283203125
133,-0.22265625
134,-0.1552734375
135,-0.0546875
136,-0.0849609375
137,-0.2080078125
138,-0.0537109375
139,0.0361328125
140,-0.009765625
141,-0.140625
142,-0.078125
143,0.0029296875
144,-0.04296875
145,-0.16015625
146,-0.0576171875
147,0.021484375
148,-0.029296875
149,-0.21484375
150,-0.0615234375
151,0.029296875
152,-0.0126953125
153,-0.16015625
154,-0.0146484375
155,0.0712890625
156,0.017578125
157,-0.0498046875
158,0.0830078125
159,0.1533203125
160,0.083984375
161,0.0
162,0.12109375
163,0.1845703125
164,0.107421875
165,-0.0185546875
166,0.0244140625
167,0.0849609375
168,0.0185546875
169,-0.0791015625
170,0.04296875
171,0.1064453125
172,0.03515625
173,-0.115234375
174,0.0205078125
175,0.0927734375
176,0.0322265625
177,-0.064453125
178,0.0654296875
179,0.1318359375
180,0.064453125
181,-0.11328125
182,-0.0576171875
183,0.0166015625
184,-0.03515625
185,-0.2509765625
186,-0.0908203125
187,0.0029296875
188,-0.0341796875
189,-0.154296875
190,-0.1240234375
191,-0.02734375
192,-0.0634765625
193,-0.185546875
194,-0.03515625
195,0.0517578125
196,0.00390625
197,-0.1279296875
198,-0.06640625
199,0.01171875
200,-0.037109375
201,-0.1708984375
202,-0.0615234375
203,0.0146484375
204,-0.0341796875
205,-0.220703125
206,-0.064453125
207,0.025390625
208,-0.0146484375
209,-0.138671875
210,0.0048828125
211,0.08984375
212,0.03125
213,-0.05078125
214,0.0810546875
215,0.1513671875
216,0.0791015625
217,0.00390625
218,0.126953125
219,0.193359375
220,0.11328125
221,-0.0048828125
222,0.0537109375
223,0.1103515625
224,0.0400390625
225,-0.0791015625
226,0.0556640625
227,0.1259765625
228,0.05859375
229,-0.0625
230,-0.0166015625
231,0.056640625
232,-0.005859375
233,-0.0927734375
234,0.0322265625
235,0.099609375
236,0.0283203125
237,-0.119140625
238,0.0166015625
239,0.091796875
240,0.03125
241,-0.091796875
242,-0.0322265625
243,0.037109375
244,-0.0185546875
245,-0.2119140625
246,-0.1015625
247,-0.0185546875
248,-0.0595703125
249,-0.2724609375
250,-0.1015625
251,-0.0068359375
252,-0.0419921875
253,-0.1591796875
254,-0.126953125
255,-0.029296875
256,-0.06640625
257,-0.1884765625
258,-0.0361328125
259,0.0517578125
260,0.00390625
261,-0.0810546875
262,0.0556640625
263,0.126953125
264,0.0634765625
265,-0.05859375
266,0.0048828125
267,0.0712890625
268,0.0068359375
269,-0.1865234375
270,-0.0341796875
271,0.05078125
272,0.0009765625
273,-0.1474609375
274,-0.001953125
275,0.0791015625
276,0.0205078125
277,-0.0712890625
278,0.0625
279,0.13671875
280,0.06640625
281,-0.1083984375
282,-0.0576171875
283,0.0224609375
284,-0.0283203125
285,-0.234375
286,-0.0751953125
287,0.0185546875
288,-0.0234375
289,-0.16796875
290,-0.1357421875
291,-0.0419921875
292,-0.0732421875
293,-0.1396484375
294,0.0029296875
295,0.0771484375
296,0.017578125
297,-0.1162109375
298,0.0224609375
299,0.0986328125
300,0.0390625
301,-0.0361328125
302,0.0927734375
303,0.1611328125
304,0.087890625
305,-0.0146484375
306,0.0478515625
307,0.1083984375
308,0.03515625
309,-0.0791015625
310,0.0537109375
311,0.1220703125
312,0.0576171875
313,-0.0517578125
314,0.01171875
315,0.076171875
316,0.009765625
317,-0.107421875
318,0.03125
319,0.1064453125
320,0.0419921875
321,-0.0361328125
322,0.09375
323,0.1640625
324,0.0859375
325,-0.0048828125
326,0.119140625
327,0.1845703125
328,0.1015625
329,0.0087890625
330,0.1298828125
331,0.1953125
332,0.109375
333,-0.0166015625
334,0.1044921875
335,0.169921875
336,0.0908203125
337,-0.0458984375
338,0.0791015625
339,0.146484375
340,0.0703125
341,-0.01953125
342,0.1064453125
343,0.173828125
344,0.0888671875
345,-0.0703125
346,-0.0146484375
347,0.0556640625
348,-0.0146484375
349,-0.2080078125
350,-0.0576171875
351,0.03125
352,-0.0205078125
353,-0.134765625
354,-0.0693359375
355,0.0107421875
356,-0.046875
357,-0.2255859375
358,-0.1142578125
359,-0.025390625
360,-0.072265625
361,-0.2646484375
362,-0.1005859375
363,-0.00390625
364,-0.0439453125
365,-0.1162109375
366,0.0283203125
367,0.1025390625
368,0.0390625
369,-0.0849609375
370,0.0458984375
371,0.12109375
372,0.0498046875
373,-0.0859375
374,0.0439453125
375,0.1181640625
376,0.046875
377,-0.037109375
378,0.0908203125
379,0.16015625
380,0.0791015625
381,-0.0458984375
382,0.078125
383,0.1474609375
384,0.0703125
385,-0.06640625
386,0.060546875
387,0.1298828125
388,0.0576171875
389,-0.0302734375
390,0.095703125
391,0.1640625
392,0.0830078125
393,-0.078125
394,-0.0244140625
395,0.046875
396,-0.0205078125
397,-0.21875
398,-0.0673828125
399,0.0205078125
400,-0.02734375
401,-0.1455078125
402,-0.083984375
403,-0.00390625
404,-0.0546875
405,-0.2373046875
406,-0.12109375
407,-0.03515625
408,-0.078125
409,-0.2724609375
410,-0.1044921875
411,-0.0078125
412,-0.048828125
413,-0.134765625
414,0.0087890625
415,0.0869140625
416,0.0244140625
417,-0.1396484375
418,-0.0791015625
419,0.0029296875
420,-0.05078125
421,-0.2373046875
422,-0.080078125
423,0.01171875
424,-0.03125
425,-0.142578125
426,-0.0732421875
427,0.0048828125
428,-0.048828125
429,-0.22265625
430,-0.0654296875
431,0.0234375
432,-0.0224609375
433,-0.1435546875
434,0.0009765625
435,0.08203125
436,0.0234375
437,-0.1484375
438,-0.0869140625
439,-0.0048828125
440,-0.0546875
441,-0.1865234375
442,-0.0361328125
443,0.048828125
444,-0.0029296875
445,-0.123046875
446,0.0166015625
447,0.0947265625
448,0.03515625
449,-0.1279296875
450,-0.0693359375
451,0.0107421875
452,-0.0390625
453,-0.2333984375
454,-0.0732421875
455,0.01953125
456,-0.0224609375
457,-0.095703125
458,0.0439453125
459,0.119140625
460,0.0537109375
461,-0.0673828125
462,0.0615234375
463,0.1328125
464,0.0634765625
465,-0.076171875
466,0.052734375
467,0.125
468,0.0556640625
469,-0.0263671875
470,0.099609375
471,0.1650390625
472,0.08984375
473,-0.0341796875
474,0.08984375
475,0.1552734375
476,0.0810546875
477,-0.052734375
478,0.0732421875
479,0.138671875
480,0.0673828125
481,-0.03125
482,0.09375
483,0.1572265625
484,0.080078125
485,-0.0390625
486,0.0830078125
487,0.1484375
488,0.072265625
489,-0.0537109375
490,0.0703125
491,0.1376953125
492,0.0634765625
493,-0.1123046875
494,-0.052734375
495,0.0185546875
496,-0.037109375
497,-0.236328125
498,-0.123046875
499,-0.0390625
500,-0.080078125
501,-0.2197265625
502,-0.0615234375
503,0.0234375
504,-0.0244140625
505,-0.142578125
506,0.0
507,0.0810546875
508,0.01953125
509,-0.10546875
510,0.029296875
511,0.1044921875
512,0.0400390625
513,-0.111328125
514,0.021484375
515,0.0966796875
516,0.0322265625
517,-0.10546875
518,-0.0791015625
519,0.0009765625
520,-0.046875
521,-0.2197265625
522,-0.1337890625
523,-0.0439453125
524,-0.0810546875
525,-0.181640625
526,-0.03125
527,0.0556640625
528,0.0029296875
529,-0.130859375
530,-0.0693359375
531,0.0107421875
532,-0.0439453125
533,-0.2265625
534,-0.115234375
535,-0.025390625
536,-0.068359375
537,-0.20703125
538,-0.09375
539,-0.0107421875
540,-0.0576171875
541,-0.1767578125
542,-0.0263671875
543,0.056640625
544,0.0048828125
545,-0.1162109375
546,0.0234375
547,0.103515625
548,0.0390625
549,-0.1123046875
550,0.0263671875
551,0.1015625
552,0.0390625
553,-0.1123046875
554,-0.0859375
555,-0.0009765625
556,-0.0478515625
557,-0.1640625
558,-0.015625
559,0.068359375
560,0.0126953125
561,-0.12109375
562,-0.0546875
563,0.021484375
564,-0.033203125
565,-0.244140625
566,-0.0810546875
567,0.01171875
568,-0.02734375
569,-0.099609375
570,0.0439453125
571,0.1201171875
572,0.0537109375
573,-0.0654296875
574,0.0634765625
575,0.1376953125
576,0.068359375
577,-0.0810546875
578,0.048828125
579,0.1220703125
580,0.0546875
581,-0.09765625
582,-0.0693359375
583,0.009765625
584,-0.037109375
585,-0.1533203125
586,-0.0078125
587,0.0751953125
588,0.0185546875
589,-0.1103515625
590,-0.0478515625
591,0.02734375
592,-0.0263671875
593,-0.2373046875
594,-0.123046875
595,-0.0361328125
596,-0.0732421875
597,-0.1884765625
598,-0.0771484375
599,0.0068359375
600,-0.04296875
601,-0.2216796875
602,-0.0654296875
603,0.03125
604,-0.013671875
605,-0.169921875
606,-0.0205078125
607,0.068359375
608,0.0126953125
609,-0.1396484375
610,-0.1015625
611,-0.0126953125
612,-0.0537109375
613,-0.169921875
614,-0.015625
615,0.0712890625
616,0.0185546875
617,-0.109375
618,-0.04296875
619,0.0380859375
620,-0.01953125
621,-0.2373046875
622,-0.0751953125
623,0.01953125
624,-0.0205078125
625,-0.1279296875
626,-0.060546875
627,0.0244140625
628,-0.0283203125
629,-0.21484375
630,-0.0576171875
631,0.0390625
632,-0.005859375
633,-0.166015625
634,-0.0126953125
635,0.0732421875
636,0.0205078125
637,-0.130859375
638,-0.1005859375
639,-0.0126953125
640,-0.046875
641,-0.15625
642,-0.0078125
643,0.0771484375
644,0.025390625
645,-0.0693359375
646,0.064453125
647,0.13671875
648,0.0732421875
649,-0.06640625
650,0.0615234375
651,0.1318359375
652,0.0693359375
653,-0.0087890625
654,0.115234375
655,0.1796875
656,0.107421875
657,-0.0126953125
658,0.1083984375
659,0.1728515625
660,0.1015625
661,-0.033203125
662,0.0908203125
663,0.1572265625
664,0.0869140625
665,-0.0029296875
666,0.1181640625
667,0.1826171875
668,0.1044921875
669,-0.017578125
670,0.037109375
671,0.0966796875
672,0.02734375
673,-0.1533203125
674,-0.0498046875
675,0.0224609375
676,-0.0302734375
677,-0.2333984375
678,-0.07421875
679,0.015625
680,-0.0234375
681,-0.09765625
682,0.041015625
683,0.1162109375
684,0.0537109375
685,-0.0712890625
686,0.05859375
687,0.1279296875
688,0.0634765625
689,-0.091796875
690,0.0390625
691,0.1103515625
692,0.048828125
693,-0.07421875
694,0.0537109375
695,0.125
696,0.0595703125
697,-0.052734375
698,0.0712890625
699,0.138671875
700,0.0703125
701,-0.0283203125
702,0.0927734375
703,0.1572265625
704,0.0869140625
705,-0.0205078125
706,0.1005859375
707,0.162109375
708,0.091796875
709,0.0
710,0.12109375
711,0.181640625
712,0.1025390625
713,0.0068359375
714,0.1240234375
715,0.1865234375
716,0.1025390625
717,-0.0224609375
718,0.03125
719,0.0888671875
720,0.0166015625
721,-0.1630859375
722,-0.0615234375
723,0.0078125
724,-0.0439453125
725,-0.2412109375
726,-0.0849609375
727,0.00390625
728,-0.037109375
729,-0.1904296875
730,-0.158203125
731,-0.0654296875
732,-0.095703125
733,-0.2060546875
734,-0.052734375
735,0.0341796875
736,-0.01171875
737,-0.1435546875
738,-0.0751953125
739,0.001953125
740,-0.046875
741,-0.25
742,-0.0927734375
743,0.0029296875
744,-0.0341796875
745,-0.1572265625
746,-0.087890625
747,-0.009765625
748,-0.0537109375
749,-0.1748046875
750,-0.025390625
751,0.056640625
752,0.005859375
753,-0.1162109375
754,0.0205078125
755,0.099609375
756,0.037109375
757,-0.09375
758,0.0390625
759,0.111328125
760,0.0478515625
761,-0.037109375
762,0.091796875
763,0.16015625
764,0.083984375
765,-0.0400390625
766,0.0830078125
767,0.150390625
768,0.0771484375
769,-0.0546875
770,0.0703125
771,0.13671875
772,0.0673828125
773,-0.017578125
774,0.1064453125
775,0.169921875
776,0.09375
777,-0.0673828125
778,-0.0126953125
779,0.0546875
780,-0.009765625
781,-0.203125
782,-0.052734375
783,0.03125
784,-0.017578125
785,-0.1337890625
786,-0.072265625
787,0.0068359375
788,-0.0439453125
789,-0.2216796875
790,-0.109375
791,-0.0263671875
792,-0.068359375
793,-0.2685546875
794,-0.103515625
795,-0.0078125
796,-0.04296875
797,-0.111328125
798,0.0283203125
799,0.1064453125
800,0.0439453125
801,-0.0791015625
802,0.0498046875
803,0.1220703125
804,0.0556640625
805,-0.08203125
806,0.0458984375
807,0.1171875
808,0.0517578125
809,-0.0439453125
810,0.080078125
811,0.146484375
812,0.076171875
813,-0.0537109375
814,0.06640625
815,0.130859375
816,0.064453125
817,-0.0576171875
818,0.06640625
819,0.1318359375
820,0.0634765625
821,-0.0576171875
822,0.0673828125
823,0.1318359375
824,0.0625
825,-0.0810546875
826,0.0439453125
827,0.111328125
828,0.044921875
829,-0.0673828125
830,0.0556640625
831,0.125
832,0.056640625
833,-0.087890625
834,-0.0341796875
835,0.03515625
836,-0.0224609375
837,-0.1748046875
838,-0.033203125
839,0.0478515625
840,-0.0029296875
841,-0.1162109375
842,0.0166015625
843,0.09375
844,0.03125
845,-0.0576171875
846,0.0703125
847,0.1337890625
848,0.0654296875
849,-0.0595703125
850,-0.0029296875
851,0.060546875
852,-0.005859375
853,-0.1787109375
854,-0.0751953125
855,-0.00390625
856,-0.0537109375
857,-0.2294921875
858,-0.0771484375
859,0.0126953125
860,-0.0302734375
861,-0.15625
862,-0.0146484375
863,0.0654296875
864,0.0087890625
865,-0.1201171875
866,0.0166015625
867,0.091796875
868,0.03125
869,-0.044921875
870,0.0830078125
871,0.1494140625
872,0.07421875
873,-0.021484375
874,0.1005859375
875,0.166015625
876,0.0849609375
877,-0.0576171875
878,-0.001953125
879,0.0625
880,-0.0078125
881,-0.1513671875
882,-0.0478515625
883,0.0234375
884,-0.0361328125
885,-0.208984375
886,-0.095703125
887,-0.0146484375
888,-0.06640625
889,-0.2138671875
890,-0.05859375
891,0.0283203125
892,-0.0234375
893,-0.19140625
894,-0.1298828125
895,-0.03515625
896,-0.080078125
897,-0.2578125
898,-0.095703125
899,0.0029296875
900,-0.0419921875
901,-0.1572265625
902,-0.01171875
903,0.0732421875
904,0.0126953125
905,-0.1064453125
906,0.03125
907,0.109375
908,0.041015625
909,-0.0771484375
910,0.0556640625
911,0.12890625
912,0.056640625
913,-0.060546875
914,0.0703125
915,0.1396484375
916,0.0634765625
917,-0.0556640625
918,0.0712890625
919,0.1435546875
920,0.06640625
921,-0.064453125
922,0.0634765625
923,0.1357421875
924,0.05859375
925,-0.1015625
926,0.0302734375
927,0.1064453125
928,0.03515625
929,-0.0498046875
930,0.0791015625
931,0.1494140625
932,0.0712890625
933,-0.03125
934,0.095703125
935,0.16015625
936,0.0771484375
937,-0.0263671875
938,0.095703125
939,0.1611328125
940,0.0791015625
941,-0.0400390625
942,0.0830078125
943,0.150390625
944,0.0703125
945,-0.04296875
946,0.078125
947,0.1474609375
948,0.06640625
949,-0.06640625
950,0.0595703125
951,0.12890625
952,0.0517578125
953,-0.0341796875
954,0.0927734375
955,0.16015625
956,0.0751953125
957,-0.05078125
958,0.0712890625
959,0.1416015625
960,0.0615234375
961,-0.08203125
962,0.0439453125
963,0.1142578125
964,0.037109375
965,-0.0732421875
966,0.0556640625
967,0.126953125
968,0.0458984375
969,-0.1015625
970,-0.0458984375
971,0.02734375
972,-0.0400390625
973,-0.1767578125
974,-0.0341796875
975,0.044921875
976,-0.0146484375
977,-0.134765625
978,-0.0732421875
979,0.0029296875
980,-0.056640625
981,-0.2412109375
982,-0.1298828125
983,-0.04296875
984,-0.08984375
985,-0.2802734375
986,-0.1181640625
987,-0.0185546875
988,-0.0625
989,-0.134765625
990,0.0087890625
991,0.087890625
992,0.017578125
993,-0.09765625
994,-0.03515625
995,0.0361328125
996,-0.03125
997,-0.1669921875
998,-0.0205078125
999,0.0576171875
1000,-0.0029296875
1001,-0.1435546875
1002,-0.0810546875
1003,-0.00390625
1004,-0.0576171875
1005,-0.1943359375
1006,-0.083984375
1007,-0.0078125
1008,-0.0615234375
1009,-0.1884765625
1010,-0.0771484375
1011,0.0009765625
1012,-0.056640625
1013,-0.1591796875
1014,-0.0556640625
1015,0.0234375
1016,-0.0380859375
1017,-0.181640625
1018,-0.037109375
1019,0.04296875
1020,-0.0107421875
1021,-0.1611328125
1022,-0.09375
1023,-0.0126953125
1024,-0.0625
1025,-0.2177734375
1026,-0.0634765625
1027,0.0263671875
1028,-0.01953125
1029,-0.1474609375
1030,-0.005859375
1031,0.0751953125
1032,0.0126953125
1033,-0.1435546875
1034,-0.0830078125
1035,-0.001953125
1036,-0.0546875
1037,-0.2333984375
1038,-0.1201171875
1039,-0.03125
1040,-0.076171875
1041,-0.2119140625
1042,-0.0986328125
1043,-0.0146484375
1044,-0.0615234375
1045,-0.1884765625
1046,-0.037109375
1047,0.048828125
1048,-0.0029296875
1049,-0.0849609375
1050,0.0537109375
1051,0.1240234375
1052,0.056640625
1053,-0.0673828125
1054,0.0625
1055,0.130859375
1056,0.0595703125
1057,-0.046875
1058,0.0791015625
1059,0.1484375
1060,0.0732421875
1061,-0.0576171875
1062,0.06640625
1063,0.13671875
1064,0.0634765625
1065,-0.0654296875
1066,0.0615234375
1067,0.130859375
1068,0.05859375
1069,-0.0869140625
1070,0.041015625
1071,0.1123046875
1072,0.044921875
1073,-0.04296875
1074,0.083984375
1075,0.1494140625
1076,0.07421875
1077,-0.005859375
1078,0.1162109375
1079,0.181640625
1080,0.09765625
1081,-0.0244140625
1082,0.0361328125
1083,0.0947265625
1084,0.017578125
1085,-0.1064453125
1086,-0.0087890625
1087,0.0576171875
1088,-0.0107421875
1089,-0.1796875
1090,-0.0927734375
1091,-0.0146484375
1092,-0.0625
1093,-0.1787109375
1094,-0.03125
1095,0.0498046875
1096,-0.0048828125
1097,-0.0810546875
1098,0.0537109375
1099,0.1220703125
1100,0.0517578125
1101,-0.0615234375
1102,0.001953125
1103,0.0625
1104,-0.0048828125
1105,-0.1455078125
1106,-0.0078125
1107,0.0673828125
1108,0.0087890625
1109,-0.1240234375
1110,-0.0625
1111,0.0087890625
1112,-0.04296875
1113,-0.2431640625
1114,-0.1376953125
1115,-0.05078125
1116,-0.091796875
1117,-0.2685546875
1118,-0.15625
1119,-0.0654296875
1120,-0.1015625
1121,-0.2080078125
1122,-0.095703125
1123,-0.0126953125
1124,-0.0595703125
1125,-0.2021484375
1126,-0.0947265625
1127,-0.0146484375
1128,-0.0595703125
1129,-0.177734375
1130,-0.072265625
1131,0.01171875
1132,-0.0419921875
1133,-0.1708984375
1134,-0.025390625
1135,0.05859375
1136,0.00390625
1137,-0.1162109375
1138,-0.0517578125
1139,0.0244140625
1140,-0.03125
1141,-0.1591796875
1142,-0.0576171875
1143,0.01953125
1144,-0.0322265625
1145,-0.15234375
1146,-0.0537109375
1147,0.0234375
1148,-0.03125
1149,-0.1533203125
1150,-0.0498046875
1151,0.0263671875
1152,-0.02734375
1153,-0.1455078125
1154,-0.0400390625
1155,0.0322265625
1156,-0.0234375
1157,-0.15234375
1158,-0.0107421875
1159,0.0693359375
1160,0.015625
1161,-0.1015625
1162,-0.0341796875
1163,0.037109375
1164,-0.0185546875
1165,-0.1513671875
1166,-0.0068359375
1167,0.072265625
1168,0.0166015625
1169,-0.103515625
1170,-0.0390625
1171,0.03515625
1172,-0.0205078125
1173,-0.1513671875
1174,-0.0068359375
1175,0.07421875
1176,0.017578125
1177,-0.095703125
1178,-0.0302734375
1179,0.04296875
1180,-0.0146484375
1181,-0.142578125
1182,0.0009765625
1183,0.0791015625
1184,0.0224609375
1185,-0.0888671875
1186,-0.0185546875
1187,0.0478515625
1188,-0.0087890625
1189,-0.1435546875
1190,0.0009765625
1191,0.0771484375
1192,0.021484375
1193,-0.0595703125
1194,0.072265625
1195,0.14453125
1196,0.07421875
1197,-0.0556640625
1198,0.0009765625
1199,0.0712890625
1200,0.0048828125
1201,-0.12109375
1202,0.0166015625
1203,0.0947265625
1204,0.0302734375
1205,-0.0908203125
1206,-0.0263671875
1207,0.0458984375
1208,-0.0146484375
1209,-0.142578125
1210,0.0029296875
1211,0.0830078125
1212,0.0224609375
1213,-0.09765625
1214,-0.03125
1215,0.0419921875
1216,-0.017578125
1217,-0.1484375
1218,-0.00390625
1219,0.0791015625
1220,0.01953125
1221,-0.056640625
1222,0.0771484375
1223,0.1494140625
1224,0.07421875
1225,-0.0419921875
1226,0.0234375
1227,0.0859375
1228,0.015625
1229,-0.1640625
1230,-0.0771484375
1231,0.00390625
1232,-0.0458984375
1233,-0.2470703125
1234,-0.14453125
1235,-0.05078125
1236,-0.0849609375
1237,-0.2021484375
1238,-0.0888671875
1239,-0.00390625
1240,-0.0517578125
1241,-0.1982421875
1242,-0.0908203125
1243,-0.0048828125
1244,-0.0498046875
1245,-0.201171875
1246,-0.0888671875
1247,-0.001953125
1248,-0.048828125
1249,-0.1728515625
1250,-0.06640625
1251,0.0126953125
1252,-0.03515625
1253,-0.15625
1254,-0.046875
1255,0.029296875
1256,-0.021484375
1257,-0.13671875
1258,-0.0283203125
1259,0.044921875
1260,-0.0126953125
1261,-0.125
1262,0.015625
1263,0.0947265625
1264,0.0341796875
1265,-0.0849609375
1266,-0.0244140625
1267,0.0517578125
1268,-0.005859375
1269,-0.1376953125
1270,0.0068359375
1271,0.0859375
1272,0.0283203125
1273,-0.08203125
1274,-0.0146484375
1275,0.0556640625
1276,-0.00390625
1277,-0.1240234375
1278,0.017578125
1279,0.09375
1280,0.037109375
1281,-0.052734375
1282,0.0810546875
1283,0.1474609375
1284,0.0791015625
1285,-0.0576171875
1286,-0.0009765625
1287,0.0673828125
1288,0.005859375
1289,-0.115234375
1290,-0.0146484375
1291,0.056640625
1292,-0.0029296875
1293,-0.134765625
1294,-0.0322265625
1295,0.0400390625
1296,-0.015625
1297,-0.16796875
1298,-0.0625
1299,0.015625
1300,-0.03125
1301,-0.1728515625
1302,-0.0634765625
1303,0.015625
1304,-0.03125
1305,-0.1533203125
1306,-0.044921875
1307,0.033203125
1308,-0.01953125
1309,-0.1513671875
1310,-0.0458984375
1311,0.0302734375
1312,-0.0205078125
1313,-0.146484375
1314,-0.0048828125
1315,0.0732421875
1316,0.0234375
1317,-0.0927734375
1318,-0.0244140625
1319,0.0439453125
1320,-0.0068359375
1321,-0.1357421875
1322,0.0078125
1323,0.08203125
1324,0.0322265625
1325,-0.1103515625
1326,-0.0478515625
1327,0.025390625
1328,-0.0205078125
1329,-0.1435546875
1330,-0.041015625
1331,0.0341796875
1332,-0.015625
1333,-0.1376953125
1334,-0.03515625
1335,0.0380859375
1336,-0.0107421875
1337,-0.1279296875
1338,0.01171875
1339,0.0859375
1340,0.03515625
1341,-0.078125
1342,-0.0146484375
1343,0.052734375
1344,0.0009765625
1345,-0.14453125
1346,0.0009765625
1347,0.0791015625
1348,0.029296875
1349,-0.10546875
1350,-0.0400390625
1351,0.033203125
1352,-0.017578125
1353,-0.2216796875
1354,-0.1181640625
1355,-0.0263671875
1356,-0.064453125
1357,-0.1796875
1358,-0.0712890625
1359,0.0126953125
1360,-0.0302734375
1361,-0.1533203125
1362,-0.0478515625
1363,0.03125
1364,-0.015625
1365,-0.13671875
1366,0.0087890625
1367,0.0869140625
1368,0.0361328125
1369,-0.06640625
1370,-0.001953125
1371,0.0673828125
1372,0.0107421875
1373,-0.1064453125
1374,0.0302734375
1375,0.10546875
1376,0.048828125
1377,-0.0703125
1378,-0.0107421875
1379,0.0576171875
1380,0.0029296875
1381,-0.1298828125
1382,0.009765625
1383,0.087890625
1384,0.03515625
1385,-0.1162109375
1386,-0.0556640625
1387,0.01953125
1388,-0.0244140625
1389,-0.2158203125
1390,-0.0576171875
1391,0.03125
1392,-0.0048828125
1393,-0.095703125
1394,0.04296875
1395,0.1201171875
1396,0.0615234375
1397,-0.04296875
1398,0.08203125
1399,0.1533203125
1400,0.0869140625
1401,0.0048828125
1402,0.1240234375
1403,0.19140625
1404,0.1162109375
1405,0.009765625
1406,0.0703125
1407,0.126953125
1408,0.0556640625
1409,-0.0625
1410,0.0263671875
1411,0.0908203125
1412,0.0283203125
1413,-0.0869140625
1414,0.01171875
1415,0.0732421875
1416,0.015625
1417,-0.1259765625
1418,-0.0263671875
1419,0.041015625
1420,-0.009765625
1421,-0.1865234375
1422,-0.0400390625
1423,0.0439453125
1424,0.001953125
1425,-0.0927734375
1426,0.0380859375
1427,0.1142578125
1428,0.056640625
1429,-0.0146484375
1430,0.107421875
1431,0.171875
1432,0.1025390625
1433,0.01171875
1434,0.130859375
1435,0.1923828125
1436,0.1162109375
1437,-0.0546875
1438,0.001953125
1439,0.060546875
1440,0.0029296875
1441,-0.2138671875
1442,-0.126953125
1443,-0.0380859375
1444,-0.0703125
1445,-0.23828125
1446,-0.1240234375
1447,-0.033203125
1448,-0.068359375
1449,-0.1953125
1450,-0.083984375
1451,0.0009765625
1452,-0.04296875
1453,-0.166015625
1454,-0.017578125
1455,0.064453125
1456,0.0166015625
1457,-0.06640625
1458,0.068359375
1459,0.138671875
1460,0.07421875
1461,-0.0498046875
1462,0.0791015625
1463,0.14453125
1464,0.0771484375
1465,-0.0283203125
1466,0.095703125
1467,0.1630859375
1468,0.08984375
1469,-0.0380859375
1470,0.0849609375
1471,0.1513671875
1472,0.0810546875
1473,-0.046875
1474,0.076171875
1475,0.1416015625
1476,0.0751953125
1477,-0.0673828125
1478,0.0595703125
1479,0.1279296875
1480,0.0615234375
1481,-0.01953125
1482,0.103515625
1483,0.1708984375
1484,0.0947265625
1485,0.013671875
1486,0.1328125
1487,0.1962890625
1488,0.1142578125
1489,-0.005859375
1490,0.0537109375
1491,0.1103515625
1492,0.03515625
1493,-0.087890625
1494,0.0078125
1495,0.0703125
1496,0.0029296875
1497,-0.16015625
1498,-0.076171875
1499,0.0048828125
1500,-0.0458984375
1501,-0.162109375
1502,-0.0166015625
1503,0.064453125
1504,0.0078125
1505,-0.0634765625
1506,0.0673828125
1507,0.13671875
1508,0.06640625
1509,-0.0439453125
1510,0.0234375
1511,0.08203125
1512,0.0107421875
1513,-0.1328125
1514,0.00390625
1515,0.0810546875
1516,0.01953125
1517,-0.099609375
1518,-0.0361328125
1519,0.03515625
1520,-0.0244140625
1521,-0.220703125
1522,-0.119140625
1523,-0.0341796875
1524,-0.07421875
1525,-0.24609375
1526,-0.1357421875
1527,-0.046875
1528,-0.083984375
1529,-0.1884765625
1530,-0.0771484375
1531,0.0048828125
1532,-0.04296875
1533,-0.1787109375
1534,-0.072265625
1535,0.005859375
1536,-0.0419921875
1537,-0.1826171875
1538,-0.0751953125
1539,0.0068359375
1540,-0.0400390625
1541,-0.201171875
1542,-0.046875
1543,0.0400390625
1544,-0.0087890625
1545,-0.13671875
1546,-0.0751953125
1547,0.00390625
1548,-0.0390625
1549,-0.16015625
1550,-0.0537109375
1551,0.021484375
1552,-0.0263671875
1553,-0.1533203125
1554,-0.046875
1555,0.02734375
1556,-0.0244140625
1557,-0.154296875
1558,-0.0498046875
1559,0.02734375
1560,-0.0234375
1561,-0.1474609375
1562,-0.0048828125
1563,0.076171875
1564,0.0224609375
1565,-0.0908203125
1566,-0.0283203125
1567,0.0458984375
1568,-0.009765625
1569,-0.154296875
1570,-0.0078125
1571,0.072265625
1572,0.0205078125
1573,-0.08984375
1574,-0.0205078125
1575,0.048828125
1576,-0.0068359375
1577,-0.140625
1578,0.0048828125
1579,0.0830078125
1580,0.02734375
1581,-0.0517578125
1582,0.0791015625
1583,0.1484375
1584,0.0791015625
1585,-0.0322265625
1586,0.0283203125
1587,0.0927734375
1588,0.0263671875
1589,-0.09765625
1590,0.0390625
1591,0.111328125
1592,0.048828125
1593,-0.0615234375
1594,0.0009765625
1595,0.068359375
1596,0.0068359375
1597,-0.12890625
1598,0.01171875
1599,0.0859375
1600,0.029296875
1601,-0.0908203125
1602,-0.02734375
1603,0.0439453125
1604,-0.01171875
1605,-0.15234375
1606,-0.0078125
1607,0.07421875
1608,0.01953125
1609,-0.0576171875
1610,0.07421875
1611,0.14453125
1612,0.07421875
1613,-0.05078125
1614,0.01171875
1615,0.0732421875
1616,0.01171875
1617,-0.1689453125
1618,-0.0791015625
1619,-0.0009765625
1620,-0.044921875
1621,-0.2421875
1622,-0.1376953125
1623,-0.0458984375
1624,-0.0771484375
1625,-0.1904296875
1626,-0.0771484375
1627,0.0048828125
1628,-0.0419921875
1629,-0.1904296875
1630,-0.08203125
1631,0.0009765625
1632,-0.0439453125
1633,-0.19140625
1634,-0.0810546875
1635,0.0029296875
1636,-0.0419921875
1637,-0.166015625
1638,-0.0634765625
1639,0.0166015625
1640,-0.029296875
1641,-0.1513671875
1642,-0.0419921875
1643,0.0341796875
1644,-0.017578125
1645,-0.1298828125
1646,-0.0224609375
1647,0.046875
1648,-0.005859375
1649,-0.119140625
1650,0.0205078125
1651,0.09765625
1652,0.0400390625
1653,-0.072265625
1654,-0.0107421875
1655,0.0595703125
1656,0.00390625
1657,-0.1240234375
1658,0.0166015625
1659,0.09375
1660,0.037109375
1661,-0.080078125
1662,-0.01171875
1663,0.0556640625
1664,0.0
1665,-0.1337890625
1666,0.01171875
1667,0.08984375
1668,0.0341796875
1669,-0.05859375
1670,0.0751953125
1671,0.1435546875
1672,0.078125
1673,-0.0576171875
1674,-0.0009765625
1675,0.0673828125
1676,0.0078125
1677,-0.1123046875
1678,-0.01171875
1679,0.0595703125
1680,0.0009765625
1681,-0.1298828125
1682,-0.02734375
1683,0.046875
1684,-0.009765625
1685,-0.150390625
1686,-0.046875
1687,0.02734375
1688,-0.0224609375
1689,-0.1474609375
1690,-0.041015625
1691,0.03515625
1692,-0.0166015625
1693,-0.1259765625
1694,-0.017578125
1695,0.0556640625
1696,-0.001953125
1697,-0.134765625
1698,0.0087890625
1699,0.0859375
1700,0.0322265625
1701,-0.109375
1702,-0.046875
1703,0.029296875
1704,-0.0224609375
1705,-0.1435546875
1706,-0.0380859375
1707,0.0400390625
1708,-0.013671875
1709,-0.1376953125
1710,-0.03125
1711,0.0400390625
1712,-0.0107421875
1713,-0.1328125
1714,0.0126953125
1715,0.08984375
1716,0.03515625
1717,-0.078125
1718,-0.013671875
1719,0.05859375
1720,0.0
1721,-0.140625
1722,0.0048828125
1723,0.0888671875
1724,0.0302734375
1725,-0.09765625
1726,-0.0302734375
1727,0.044921875
1728,-0.013671875
1729,-0.216796875
1730,-0.1123046875
1731,-0.01953125
1732,-0.060546875
1733,-0.1826171875
1734,-0.06640625
1735,0.0166015625
1736,-0.029296875
1737,-0.1552734375
1738,-0.04296875
1739,0.0380859375
1740,-0.015625
1741,-0.1396484375
1742,0.01171875
1743,0.0947265625
1744,0.0341796875
1745,-0.0673828125
1746,-0.0029296875
1747,0.072265625
1748,0.009765625
1749,-0.1103515625
1750,0.0341796875
1751,0.1123046875
1752,0.0498046875
1753,-0.0625
1754,0.0009765625
1755,0.0732421875
1756,0.0087890625
1757,-0.1181640625
1758,0.0263671875
1759,0.1044921875
1760,0.044921875
1761,-0.1064453125
1762,-0.0439453125
1763,0.0341796875
1764,-0.0185546875
1765,-0.2099609375
1766,-0.0517578125
1767,0.0419921875
1768,-0.0029296875
1769,-0.09375
1770,0.044921875
1771,0.126953125
1772,0.0615234375
1773,-0.0458984375
1774,0.083984375
1775,0.1591796875
1776,0.0859375
1777,-0.001953125
1778,0.1259765625
1779,0.1962890625
1780,0.115234375
1781,0.0078125
1782,0.0712890625
1783,0.130859375
1784,0.0556640625
1785,-0.0654296875
1786,0.0283203125
1787,0.095703125
1788,0.0263671875
1789,-0.0927734375
1790,0.0107421875
1791,0.0791015625
1792,0.009765625
1793,-0.14453125
1794,-0.060546875
1795,0.021484375
1796,-0.0302734375
1797,-0.1484375
1798,-0.001953125
1799,0.0810546875
1800,0.0234375
1801,-0.0859375
1802,-0.017578125
1803,0.0556640625
1804,-0.00390625
1805,-0.12109375
1806,0.021484375
1807,0.099609375
1808,0.041015625
1809,-0.0556640625
1810,0.078125
1811,0.1494140625
1812,0.0791015625
1813,-0.0712890625
1814,-0.0087890625
1815,0.0595703125
1816,-0.0029296875
1817,-0.1396484375
1818,-0.0322265625
1819,0.04296875
1820,-0.0146484375
1821,-0.1904296875
1822,-0.078125
1823,0.0029296875
1824,-0.0458984375
1825,-0.203125
1826,-0.046875
1827,0.04296875
1828,-0.00390625
1829,-0.123046875
1830,0.0205078125
1831,0.1025390625
1832,0.04296875
1833,-0.0791015625
1834,0.0556640625
1835,0.1298828125
1836,0.0634765625
1837,-0.0673828125
1838,0.0625
1839,0.134765625
1840,0.068359375
1841,-0.0751953125
1842,0.0546875
1843,0.12890625
1844,0.0625
1845,-0.0234375
1846,0.103515625
1847,0.1689453125
1848,0.0947265625
1849,-0.0185546875
1850,0.04296875
1851,0.107421875
1852,0.0341796875
1853,-0.1044921875
1854,0.033203125
1855,0.1044921875
1856,0.0439453125
1857,-0.0771484375
1858,-0.0146484375
1859,0.0556640625
1860,-0.0048828125
1861,-0.1337890625
1862,0.0087890625
1863,0.0859375
1864,0.0283203125
1865,-0.0908203125
1866,-0.0263671875
1867,0.0458984375
1868,-0.013671875
1869,-0.140625
1870,0.001953125
1871,0.0791015625
1872,0.0234375
1873,-0.1142578125
1874,-0.0537109375
1875,0.0234375
1876,-0.0283203125
1877,-0.212890625
1878,-0.1103515625
1879,-0.0234375
1880,-0.0634765625
1881,-0.2138671875
1882,-0.099609375
1883,-0.013671875
1884,-0.0576171875
1885,-0.197265625
1886,-0.0849609375
1887,0.0009765625
1888,-0.0478515625
1889,-0.1669921875
1890,-0.017578125
1891,0.068359375
1892,0.013671875
1893,-0.1123046875
1894,-0.044921875
1895,0.0302734375
1896,-0.0234375
1897,-0.1376953125
1898,0.0087890625
1899,0.08984375
1900,0.0322265625
1901,-0.0771484375
1902,-0.0126953125
1903,0.05859375
1904,-0.0009765625
1905,-0.12109375
1906,0.021484375
1907,0.0986328125
1908,0.0390625
1909,-0.076171875
1910,-0.0146484375
1911,0.0595703125
1912,-0.0009765625
1913,-0.1435546875
1914,-0.0419921875
1915,0.037109375
1916,-0.017578125
1917,-0.1484375
1918,-0.04296875
1919,0.0341796875
1920,-0.01953125
1921,-0.15234375
1922,-0.0458984375
1923,0.03125
1924,-0.0234375
1925,-0.177734375
1926,-0.06640625
1927,0.013671875
1928,-0.03515625
1929,-0.16796875
1930,-0.056640625
1931,0.0244140625
1932,-0.0283203125
1933,-0.1494140625
1934,-0.001953125
1935,0.0810546875
1936,0.025390625
1937,-0.0849609375
1938,-0.015625
1939,0.056640625
1940,-0.00390625
1941,-0.1533203125
1942,-0.00390625
1943,0.078125
1944,0.0244140625
1945,-0.10546875
1946,-0.037109375
1947,0.0390625
1948,-0.0146484375
1949,-0.1396484375
1950,0.0078125
1951,0.0927734375
1952,0.0341796875
1953,-0.0771484375
1954,-0.0107421875
1955,0.0654296875
1956,0.0029296875
1957,-0.134765625
1958,0.009765625
1959,0.091796875
1960,0.033203125
1961,-0.08203125
1962,-0.015625
1963,0.0595703125
1964,-0.0009765625
1965,-0.1337890625
1966,0.0126953125
1967,0.0947265625
1968,0.0361328125
1969,-0.0908203125
1970,-0.0224609375
1971,0.0517578125
1972,-0.0068359375
1973,-0.1279296875
1974,0.0166015625
1975,0.0986328125
1976,0.0400390625
1977,-0.072265625
1978,-0.0029296875
1979,0.0703125
1980,0.00390625
1981,-0.1103515625
1982,0.03125
1983,0.1064453125
1984,0.0458984375
1985,-0.0732421875
1986,-0.0029296875
1987,0.0654296875
1988,0.00390625
1989,-0.1240234375
1990,0.0205078125
1991,0.095703125
1992,0.0390625
1993,-0.087890625
1994,-0.01953125
1995,0.0517578125
1996,-0.0068359375
1997,-0.1494140625
1998,-0.0029296875
1999,0.0791015625
2000,0.0244140625
2001,-0.087890625
2002,-0.0244140625
2003,0.0517578125
2004,-0.0048828125
2005,-0.146484375
2006,0.0
2007,0.080078125
2008,0.02734375
2009,-0.126953125
2010,-0.0634765625
2011,0.017578125
2012,-0.0283203125
2013,-0.1982421875
2014,-0.1083984375
2015,-0.017578125
2016,-0.0537109375
2017,-0.173828125
2018,-0.0625
2019,0.01953125
2020,-0.0283203125
2021,-0.1904296875
2022,-0.099609375
2023,-0.0078125
2024,-0.046875
2025,-0.162109375
2026,-0.01171875
2027,0.072265625
2028,0.0224609375
2029,-0.1005859375
2030,-0.0361328125
2031,0.0380859375
2032,-0.0107421875
2033,-0.171875
2034,-0.0224609375
2035,0.060546875
2036,0.015625
2037,-0.1015625
2038,0.0380859375
2039,0.1142578125
2040,0.0576171875
2041,-0.0478515625
2042,0.08203125
2043,0.154296875
2044,0.0859375
2045,-0.0126953125
2046,0.111328125
2047,0.1796875
2048,0.10546875
2049,-0.0087890625
2050,0.115234375
2051,0.181640625
2052,0.1064453125
2053,0.01953125
2054,0.140625
2055,0.205078125
2056,0.1220703125
2057,0.013671875
2058,0.0751953125
2059,0.1376953125
2060,0.056640625
2061,-0.1005859375
2062,-0.025390625
2063,0.0478515625
2064,-0.0078125
2065,-0.1298828125
2066,-0.0224609375
2067,0.0478515625
2068,-0.0107421875
2069,-0.1171875
2070,-0.013671875
2071,0.0537109375
2072,-0.0029296875
2073,-0.1123046875
2074,0.0234375
2075,0.09765625
2076,0.041015625
2077,-0.0625
2078,0.0009765625
2079,0.06640625
2080,0.0078125
2081,-0.103515625
2082,0.0322265625
2083,0.10546875
2084,0.048828125
2085,-0.0390625
2086,0.087890625
2087,0.154296875
2088,0.0859375
2089,-0.0537109375
2090,0.005859375
2091,0.0673828125
2092,0.0078125
2093,-0.1279296875
2094,-0.02734375
2095,0.0419921875
2096,-0.0126953125
2097,-0.1865234375
2098,-0.0771484375
2099,-0.001953125
2100,-0.0439453125
2101,-0.201171875
2102,-0.048828125
2103,0.0361328125
2104,-0.005859375
2105,-0.123046875
2106,0.0185546875
2107,0.095703125
2108,0.0400390625
2109,-0.080078125
2110,0.048828125
2111,0.12109375
2112,0.060546875
2113,-0.064453125
2114,0.0615234375
2115,0.1328125
2116,0.068359375
2117,-0.068359375
2118,0.0576171875
2119,0.1259765625
2120,0.0634765625
2121,-0.0224609375
2122,0.1025390625
2123,0.166015625
2124,0.09375
2125,-0.017578125
2126,0.04296875
2127,0.1005859375
2128,0.03515625
2129,-0.0966796875
2130,0.0361328125
2131,0.103515625
2132,0.0439453125
2133,-0.0673828125
2134,-0.009765625
2135,0.0556640625
2136,-0.001953125
2137,-0.123046875
2138,0.0126953125
2139,0.0849609375
2140,0.0283203125
2141,-0.083984375
2142,-0.021484375
2143,0.04296875
2144,-0.01171875
2145,-0.138671875
2146,0.001953125
2147,0.07421875
2148,0.0224609375
2149,-0.1171875
2150,-0.056640625
2151,0.0166015625
2152,-0.03125
2153,-0.2080078125
2154,-0.1103515625
2155,-0.0244140625
2156,-0.064453125
2157,-0.1865234375
2158,-0.0771484375
2159,0.0009765625
2160,-0.0439453125
2161,-0.1796875
2162,-0.072265625
2163,0.0048828125
2164,-0.0390625
2165,-0.1552734375
2166,-0.01171875
2167,0.064453125
2168,0.0146484375
2169,-0.1083984375
2170,-0.0419921875
2171,0.0302734375
2172,-0.021484375
2173,-0.1357421875
2174,0.0048828125
2175,0.0810546875
2176,0.029296875
2177,-0.078125
2178,-0.017578125
2179,0.0517578125
2180,-0.0029296875
2181,-0.12109375
2182,0.0166015625
2183,0.09375
2184,0.0361328125
2185,-0.080078125
2186,-0.0185546875
2187,0.052734375
2188,-0.0068359375
2189,-0.146484375
2190,-0.044921875
2191,0.0283203125
2192,-0.0224609375
2193,-0.150390625
2194,-0.048828125
2195,0.025390625
2196,-0.0244140625
2197,-0.154296875
2198,-0.0498046875
2199,0.0234375
2200,-0.02734375
2201,-0.1796875
2202,-0.0732421875
2203,0.005859375
2204,-0.041015625
2205,-0.1708984375
2206,-0.0615234375
2207,0.0166015625
2208,-0.0322265625
2209,-0.150390625
2210,-0.005859375
2211,0.07421875
2212,0.0234375
2213,-0.0908203125
2214,-0.0224609375
2215,0.046875
2216,-0.0078125
2217,-0.154296875
2218,-0.009765625
2219,0.0732421875
2220,0.0205078125
2221,-0.109375
2222,-0.04296875
2223,0.0322265625
2224,-0.0205078125
2225,-0.1416015625
2226,0.0029296875
2227,0.0859375
2228,0.03125
2229,-0.0771484375
2230,-0.0126953125
2231,0.060546875
2232,0.0009765625
2233,-0.1318359375
2234,0.01171875
2235,0.0908203125
2236,0.0341796875
2237,-0.080078125
2238,-0.013671875
2239,0.056640625
2240,0.0
2241,-0.1474609375
2242,-0.0009765625
2243,0.0791015625
2244,0.0263671875
2245,-0.0986328125
2246,-0.03125
2247,0.0419921875
2248,-0.01171875
2249,-0.1357421875
2250,0.0078125
2251,0.0888671875
2252,0.0322265625
2253,-0.041015625
2254,0.0908203125
2255,0.16015625
2256,0.0888671875
2257,-0.0224609375
2258,0.0439453125
2259,0.1044921875
2260,0.0341796875
2261,-0.0927734375
2262,0.0439453125
2263,0.1142578125
2264,0.0517578125
2265,-0.0576171875
2266,0.0078125
2267,0.0732421875
2268,0.0078125
2269,-0.1259765625
2270,0.0126953125
2271,0.091796875
2272,0.0322265625
2273,-0.0771484375
2274,-0.0107421875
2275,0.0576171875
2276,-0.0048828125
2277,-0.13671875
2278,0.0048828125
2279,0.083984375
2280,0.0283203125
2281,-0.10546875
2282,-0.04296875
2283,0.033203125
2284,-0.0185546875
2285,-0.1474609375
2286,0.0
2287,0.08203125
2288,0.025390625
2289,-0.0673828125
2290,0.0703125
2291,0.140625
2292,0.072265625
2293,-0.0810546875
2294,-0.0224609375
2295,0.05078125
2296,-0.0078125
2297,-0.1787109375
2298,-0.09375
2299,-0.005859375
2300,-0.05078125
2301,-0.1728515625
2302,-0.0634765625
2303,0.017578125
2304,-0.033203125
2305,-0.197265625
2306,-0.1064453125
2307,-0.015625
2308,-0.0546875
2309,-0.1708984375
2310,-0.01953125
2311,0.064453125
2312,0.013671875
2313,-0.1015625
2314,-0.0361328125
2315,0.041015625
2316,-0.0146484375
2317,-0.1787109375
2318,-0.02734375
2319,0.05859375
2320,0.005859375
2321,-0.1103515625
2322,0.0302734375
2323,0.1103515625
2324,0.046875
2325,-0.05859375
2326,0.07421875
2327,0.1474609375
2328,0.0771484375
2329,-0.0244140625
2330,0.1025390625
2331,0.1728515625
2332,0.0966796875
2333,-0.0146484375
2334,0.111328125
2335,0.1796875
2336,0.1005859375
2337,0.013671875
2338,0.1376953125
2339,0.2041015625
2340,0.1171875
2341,0.0126953125
2342,0.076171875
2343,0.1357421875
2344,0.0537109375
2345,-0.0615234375
2346,0.03125
2347,0.0966796875
2348,0.0244140625
2349,-0.095703125
2350,0.0048828125
2351,0.0703125
2352,0.00390625
2353,-0.115234375
2354,-0.0146484375
2355,0.0556640625
2356,-0.005859375
2357,-0.1279296875
2358,0.013671875
2359,0.091796875
2360,0.029296875
2361,-0.09765625
2362,-0.0380859375
2363,0.0400390625
2364,-0.0185546875
2365,-0.212890625
2366,-0.1259765625
2367,-0.033203125
2368,-0.07421875
2369,-0.2080078125
2370,-0.09375
2371,-0.005859375
2372,-0.0556640625
2373,-0.23046875
2374,-0.1123046875
2375,-0.025390625
2376,-0.06640625
2377,-0.220703125
2378,-0.0615234375
2379,0.0302734375
2380,-0.0146484375
2381,-0.1396484375
2382,0.0068359375
2383,0.08984375
2384,0.0302734375
2385,-0.09765625
2386,0.0400390625
2387,0.119140625
2388,0.052734375
2389,-0.0859375
2390,0.0478515625
2391,0.1259765625
2392,0.0556640625
2393,-0.0263671875
2394,0.103515625
2395,0.1748046875
2396,0.09375
2397,0.01171875
2398,0.1357421875
2399,0.2041015625
2400,0.1171875
2401,-0.005859375
2402,0.05859375
2403,0.1171875
2404,0.0380859375
2405,-0.087890625
2406,0.013671875
2407,0.080078125
2408,0.009765625
2409,-0.15625
2410,-0.0703125
2411,0.01171875
2412,-0.0419921875
2413,-0.158203125
2414,-0.01171875
2415,0.0732421875
2416,0.013671875
2417,-0.0595703125
2418,0.07421875
2419,0.146484375
2420,0.0732421875
2421,-0.0380859375
2422,0.0263671875
2423,0.08984375
2424,0.017578125
2425,-0.130859375
2426,0.01171875
2427,0.0869140625
2428,0.0263671875
2429,-0.0966796875
2430,-0.029296875
2431,0.041015625
2432,-0.01953125
2433,-0.216796875
2434,-0.115234375
2435,-0.0263671875
2436,-0.072265625
2437,-0.2412109375
2438,-0.130859375
2439,-0.0380859375
2440,-0.0791015625
2441,-0.1796875
2442,-0.068359375
2443,0.013671875
2444,-0.0390625
2445,-0.1826171875
2446,-0.0751953125
2447,0.005859375
2448,-0.0419921875
2449,-0.1640625
2450,-0.0546875
2451,0.025390625
2452,-0.0263671875
2453,-0.1572265625
2454,-0.0107421875
2455,0.07421875
2456,0.0185546875
2457,-0.09765625
2458,-0.037109375
2459,0.04296875
2460,-0.0146484375
2461,-0.1396484375
2462,-0.0380859375
2463,0.0400390625
2464,-0.015625
2465,-0.1337890625
2466,-0.03515625
2467,0.041015625
2468,-0.013671875
2469,-0.1328125
2470,-0.029296875
2471,0.044921875
2472,-0.01171875
2473,-0.125
2474,-0.017578125
2475,0.0517578125
2476,-0.005859375
2477,-0.1220703125
2478,0.0166015625
2479,0.0927734375
2480,0.03515625
2481,-0.0703125
2482,-0.005859375
2483,0.064453125
2484,0.001953125
2485,-0.125
2486,0.0166015625
2487,0.0947265625
2488,0.03515625
2489,-0.0849609375
2490,-0.0205078125
2491,0.0517578125
2492,-0.00390625
2493,-0.1396484375
2494,0.0068359375
2495,0.0859375
2496,0.029296875
2497,-0.0849609375
2498,-0.01953125
2499,0.052734375
2500,-0.0048828125
2501,-0.12890625
2502,0.0146484375
2503,0.09375
2504,0.0341796875
2505,-0.076171875
2506,-0.0087890625
2507,0.0634765625
2508,-0.0009765625
2509,-0.134765625
2510,0.0078125
2511,0.0859375
2512,0.0302734375
2513,-0.0546875
2514,0.0791015625
2515,0.1513671875
2516,0.080078125
2517,-0.0341796875
2518,0.0283203125
2519,0.0947265625
2520,0.0244140625
2521,-0.0966796875
2522,0.0390625
2523,0.115234375
2524,0.0478515625
2525,-0.060546875
2526,0.0009765625
2527,0.0712890625
2528,0.005859375
2529,-0.12890625
2530,0.01171875
2531,0.08984375
2532,0.029296875
2533,-0.0947265625
2534,-0.03125
2535,0.044921875
2536,-0.0126953125
2537,-0.134765625
2538,0.009765625
2539,0.08984375
2540,0.029296875
2541,-0.0888671875
2542,-0.01953125
2543,0.0517578125
2544,-0.0087890625
2545,-0.1875
2546,-0.09375
2547,-0.0068359375
2548,-0.052734375
2549,-0.248046875
2550,-0.1435546875
2551,-0.044921875
2552,-0.08203125
2553,-0.1923828125
2554,-0.078125
2555,0.01171875
2556,-0.0419921875
2557,-0.1904296875
2558,-0.0810546875
2559,0.0029296875
2560,-0.0419921875
2561,-0.193359375
2562,-0.078125
2563,0.005859375
2564,-0.0400390625
2565,-0.1650390625
2566,-0.05859375
2567,0.021484375
2568,-0.0263671875
2569,-0.1484375
2570,-0.0400390625
2571,0.0419921875
2572,-0.0146484375
2573,-0.12890625
2574,-0.021484375
2575,0.052734375
2576,-0.0048828125
2577,-0.119140625
2578,0.0205078125
2579,0.1015625
2580,0.0419921875
2581,-0.0703125
2582,-0.009765625
2583,0.064453125
2584,0.0068359375
2585,-0.12109375
2586,0.0224609375
2587,0.1015625
2588,0.0439453125
2589,-0.0703125
2590,-0.0029296875
2591,0.068359375
2592,0.005859375
2593,-0.1171875
2594,0.025390625
2595,0.10546875
2596,0.0439453125
2597,-0.0390625
2598,0.09375
2599,0.1650390625
2600,0.08984375
2601,-0.0419921875
2602,0.013671875
2603,0.0849609375
2604,0.017578125
2605,-0.10546875
2606,-0.00390625
2607,0.068359375
2608,0.005859375
2609,-0.1259765625
2610,-0.0234375
2611,0.05078125
2612,-0.0068359375
2613,-0.1494140625
2614,-0.044921875
2615,0.0322265625
2616,-0.0205078125
2617,-0.1455078125
2618,-0.0390625
2619,0.0400390625
2620,-0.0166015625
2621,-0.126953125
2622,-0.01953125
2623,0.0576171875
2624,-0.0029296875
2625,-0.1376953125
2626,0.0068359375
2627,0.0869140625
2628,0.03125
2629,-0.10546875
2630,-0.041015625
2631,0.0380859375
2632,-0.015625
2633,-0.1923828125
2634,-0.0908203125
2635,-0.0029296875
2636,-0.046875
2637,-0.1982421875
2638,-0.083984375
2639,0.0009765625
2640,-0.04296875
2641,-0.169921875
2642,-0.05859375
2643,0.02734375
2644,-0.0244140625
2645,-0.146484375
2646,-0.0390625
2647,0.041015625
2648,-0.01171875
2649,-0.13671875
2650,0.01171875
2651,0.09375
2652,0.0361328125
2653,-0.06640625
2654,-0.0009765625
2655,0.0712890625
2656,0.0107421875
2657,-0.1103515625
2658,0.0341796875
2659,0.1103515625
2660,0.048828125
2661,-0.0654296875
2662,-0.0029296875
2663,0.0673828125
2664,0.0087890625
2665,-0.1181640625
2666,0.0234375
2667,0.1015625
2668,0.04296875
2669,-0.10546875
2670,-0.0458984375
2671,0.03125
2672,-0.01953125
2673,-0.2109375
2674,-0.0537109375
2675,0.0400390625
2676,-0.0029296875
2677,-0.0947265625
2678,0.046875
2679,0.1259765625
2680,0.0634765625
2681,-0.0458984375
2682,0.0859375
2683,0.16015625
2684,0.0859375
2685,0.0029296875
2686,0.1298828125
2687,0.1982421875
2688,0.1171875
2689,0.0126953125
2690,0.0732421875
2691,0.13671875
2692,0.056640625
2693,-0.0693359375
2694,0.0244140625
2695,0.0927734375
2696,0.025390625
2697,-0.09375
2698,0.005859375
2699,0.076171875
2700,0.01171875
2701,-0.1728515625
2702,-0.0888671875
2703,-0.005859375
2704,-0.0478515625
2705,-0.1826171875
2706,-0.07421875
2707,0.0087890625
2708,-0.037109375
2709,-0.208984375
2710,-0.09765625
2711,-0.01171875
2712,-0.0517578125
2713,-0.2021484375
2714,-0.087890625
2715,-0.0029296875
2716,-0.0458984375
2717,-0.228515625
2718,-0.0673828125
2719,0.02734375
2720,-0.0107421875
2721,-0.130859375
2722,0.0166015625
2723,0.0986328125
2724,0.041015625
2725,-0.07421875
2726,0.0595703125
2727,0.134765625
2728,0.0703125
2729,-0.05078125
2730,0.0791015625
2731,0.1494140625
2732,0.0810546875
2733,-0.0458984375
2734,0.0791015625
2735,0.150390625
2736,0.08203125
2737,-0.0498046875
2738,0.076171875
2739,0.1455078125
2740,0.0791015625
2741,-0.0068359375
2742,0.1171875
2743,0.1796875
2744,0.107421875
2745,-0.029296875
2746,0.0244140625
2747,0.0849609375
2748,0.0205078125
2749,-0.109375
2750,-0.0126953125
2751,0.0556640625
2752,-0.0009765625
2753,-0.1376953125
2754,-0.037109375
2755,0.0322265625
2756,-0.017578125
2757,-0.13671875
2758,0.0009765625
2759,0.078125
2760,0.02734375
2761,-0.091796875
2762,-0.05078125
2763,0.029296875
2764,-0.0185546875
2765,-0.16796875
2766,-0.021484375
2767,0.0595703125
2768,0.013671875
2769,-0.1123046875
2770,0.02734375
2771,0.1005859375
2772,0.0439453125
2773,-0.1005859375
2774,-0.0419921875
2775,0.029296875
2776,-0.0205078125
2777,-0.2021484375
2778,-0.0498046875
2779,0.0380859375
2780,-0.0048828125
2781,-0.1162109375
2782,0.021484375
2783,0.0986328125
2784,0.04296875
2785,-0.0751953125
2786,0.0546875
2787,0.1259765625
2788,0.064453125
2789,-0.0517578125
2790,0.0751953125
2791,0.1416015625
2792,0.078125
2793,-0.0380859375
2794,0.0869140625
2795,0.1533203125
2796,0.08203125
2797,-0.0302734375
2798,0.091796875
2799,0.1552734375
2800,0.0859375
2801,-0.0458984375
2802,0.0771484375
2803,0.1455078125
2804,0.0751953125
2805,-0.0595703125
2806,0.0634765625
2807,0.1337890625
2808,0.0654296875
2809,-0.025390625
2810,0.099609375
2811,0.166015625
2812,0.0908203125
2813,-0.0458984375
2814,0.0078125
2815,0.0732421875
2816,0.0087890625
2817,-0.169921875
2818,-0.0908203125
2819,-0.01171875
2820,-0.0556640625
2821,-0.19140625
2822,-0.0810546875
2823,-0.0029296875
2824,-0.05078125
2825,-0.1728515625
2826,-0.06640625
2827,0.0126953125
2828,-0.0380859375
2829,-0.2236328125
2830,-0.134765625
2831,-0.04296875
2832,-0.0771484375
2833,-0.251953125
2834,-0.15234375
2835,-0.0576171875
2836,-0.0888671875
2837,-0.2685546875
2838,-0.1728515625
2839,-0.0732421875
2840,-0.0966796875
2841,-0.259765625
2842,-0.1572265625
2843,-0.0595703125
2844,-0.0908203125
2845,-0.2216796875
2846,-0.1083984375
2847,-0.0185546875
2848,-0.0556640625
2849,-0.19921875
2850,-0.0830078125
2851,0.001953125
2852,-0.04296875
2853,-0.169921875
2854,-0.0576171875
2855,0.01953125
2856,-0.0244140625
2857,-0.1669921875
2858,-0.017578125
2859,0.064453125
2860,0.0185546875
2861,-0.095703125
2862,-0.0283203125
2863,0.046875
2864,-0.0068359375
2865,-0.119140625
2866,0.0224609375
2867,0.1025390625
2868,0.044921875
2869,-0.0703125
2870,-0.0087890625
2871,0.0634765625
2872,0.005859375
2873,-0.115234375
2874,0.025390625
2875,0.10546875
2876,0.046875
2877,-0.07421875
2878,-0.01171875
2879,0.05859375
2880,0.001953125
2881,-0.1298828125
2882,0.0166015625
2883,0.09375
2884,0.0390625
2885,-0.0361328125
2886,0.095703125
2887,0.1640625
2888,0.09375
2889,-0.0234375
2890,0.03515625
2891,0.0986328125
2892,0.03125
2893,-0.09765625
2894,0.037109375
2895,0.1123046875
2896,0.052734375
2897,-0.060546875
2898,0.0048828125
2899,0.0712890625
2900,0.01171875
2901,-0.11328125
2902,0.029296875
2903,0.1044921875
2904,0.0458984375
2905,-0.0478515625
2906,0.083984375
2907,0.1513671875
2908,0.0830078125
2909,-0.017578125
2910,0.109375
2911,0.17578125
2912,0.099609375
2913,-0.02734375
2914,0.0322265625
2915,0.0947265625
2916,0.0263671875
2917,-0.0888671875
2918,0.0458984375
2919,0.1181640625
2920,0.052734375
2921,-0.025390625
2922,0.1025390625
2923,0.1689453125
2924,0.09375
2925,0.005859375
2926,0.12890625
2927,0.1962890625
2928,0.1123046875
2929,0.009765625
2930,0.130859375
2931,0.1962890625
2932,0.111328125
2933,0.0126953125
2934,0.1357421875
2935,0.1982421875
2936,0.1123046875
2937,-0.0068359375
2938,0.048828125
2939,0.109375
2940,0.0322265625
2941,-0.11328125
2942,-0.0146484375
2943,0.05078125
2944,-0.0126953125
2945,-0.2216796875
2946,-0.1376953125
2947,-0.046875
2948,-0.0849609375
2949,-0.2138671875
2950,-0.0986328125
2951,-0.01171875
2952,-0.0595703125
2953,-0.2275390625
2954,-0.12890625
2955,-0.0380859375
2956,-0.0791015625
2957,-0.2177734375
2958,-0.05859375
2959,0.03125
2960,-0.0185546875
2961,-0.11328125
2962,0.025390625
2963,0.10546875
2964,0.041015625
2965,-0.076171875
2966,-0.0087890625
2967,0.0615234375
2968,-0.0029296875
2969,-0.1240234375
2970,0.017578125
2971,0.0947265625
2972,0.0322265625
2973,-0.1005859375
2974,-0.037109375
2975,0.0361328125
2976,-0.0205078125
2977,-0.154296875
2978,-0.0078125
2979,0.0712890625
2980,0.015625
2981,-0.0947265625
2982,-0.0263671875
2983,0.0439453125
2984,-0.013671875
2985,-0.1484375
2986,-0.0048828125
2987,0.0732421875
2988,0.017578125
2989,-0.1337890625
2990,-0.07421875
2991,0.0048828125
2992,-0.04296875
2993,-0.171875
2994,-0.064453125
2995,0.013671875
2996,-0.033203125
2997,-0.203125
2998,-0.109375
2999,-0.025390625
3000,-0.0615234375
3001,-0.2021484375
3002,-0.046875
3003,0.0400390625
3004,-0.005859375
3005,-0.1005859375
3006,0.0400390625
3007,0.1171875
3008,0.052734375
3009,-0.07421875
3010,-0.009765625
3011,0.0625
3012,0.0
3013,-0.1142578125
3014,0.025390625
3015,0.1015625
3016,0.0400390625
3017,-0.0361328125
3018,0.0927734375
3019,0.1611328125
3020,0.087890625
3021,0.001953125
3022,0.1259765625
3023,0.1884765625
3024,0.1103515625
3025,0.009765625
3026,0.12890625
3027,0.1923828125
3028,0.1123046875
3029,0.01953125
3030,0.13671875
3031,0.2001953125
3032,0.115234375
3033,0.0
3034,0.052734375
3035,0.11328125
3036,0.037109375
3037,-0.1064453125
3038,-0.0107421875
3039,0.0537109375
3040,-0.009765625
3041,-0.21875
3042,-0.134765625
3043,-0.0439453125
3044,-0.080078125
3045,-0.2109375
3046,-0.0947265625
3047,-0.009765625
3048,-0.0576171875
3049,-0.2255859375
3050,-0.1298828125
3051,-0.0361328125
3052,-0.0810546875
3053,-0.21484375
3054,-0.0576171875
3055,0.033203125
3056,-0.0146484375
3057,-0.11328125
3058,0.0302734375
3059,0.1083984375
3060,0.0419921875
3061,-0.0732421875
3062,-0.0068359375
3063,0.0634765625
3064,-0.0009765625
3065,-0.1220703125
3066,0.01953125
3067,0.0986328125
3068,0.033203125
3069,-0.099609375
3070,-0.033203125
3071,0.0390625
3072,-0.0185546875
3073,-0.1513671875
3074,-0.0048828125
3075,0.0771484375
3076,0.0185546875
3077,-0.08984375
3078,-0.0234375
3079,0.0478515625
3080,-0.01171875
3081,-0.146484375
3082,-0.0029296875
3083,0.078125
3084,0.0205078125
3085,-0.1318359375
3086,-0.0732421875
3087,0.005859375
3088,-0.041015625
3089,-0.1728515625
3090,-0.0625
3091,0.017578125
3092,-0.0322265625
3093,-0.2041015625
3094,-0.111328125
3095,-0.0224609375
3096,-0.064453125
3097,-0.2021484375
3098,-0.044921875
3099,0.0439453125
3100,-0.005859375
3101,-0.1044921875
3102,0.0380859375
3103,0.1162109375
3104,0.0498046875
3105,-0.06640625
3106,-0.0009765625
3107,0.0693359375
3108,0.0048828125
3109,-0.1162109375
3110,0.02734375
3111,0.103515625
3112,0.041015625
3113,-0.091796875
3114,-0.0263671875
3115,0.046875
3116,-0.01171875
3117,-0.14453125
3118,0.0009765625
3119,0.08203125
3120,0.0234375
3121,-0.0849609375
3122,-0.017578125
3123,0.0556640625
3124,-0.0068359375
3125,-0.142578125
3126,0.001953125
3127,0.0830078125
3128,0.025390625
3129,-0.126953125
3130,-0.0673828125
3131,0.0146484375
3132,-0.0361328125
3133,-0.1708984375
3134,-0.056640625
3135,0.021484375
3136,-0.0302734375
3137,-0.19921875
3138,-0.10546875
3139,-0.0146484375
3140,-0.05859375
3141,-0.19921875
3142,-0.041015625
3143,0.0478515625
3144,-0.0029296875
3145,-0.095703125
3146,0.0458984375
3147,0.1279296875
3148,0.0595703125
3149,-0.0654296875
3150,-0.001953125
3151,0.0703125
3152,0.005859375
3153,-0.11328125
3154,0.0283203125
3155,0.1064453125
3156,0.0439453125
3157,-0.0380859375
3158,0.095703125
3159,0.1650390625
3160,0.0908203125
3161,0.0029296875
3162,0.12890625
3163,0.1943359375
3164,0.1123046875
3165,0.009765625
3166,0.130859375
3167,0.197265625
3168,0.1123046875
3169,0.015625
3170,0.1376953125
3171,0.203125
3172,0.1162109375
3173,-0.0029296875
3174,0.0517578125
3175,0.11328125
3176,0.0361328125
3177,-0.109375
3178,-0.0107421875
3179,0.056640625
3180,-0.0068359375
3181,-0.216796875
3182,-0.130859375
3183,-0.041015625
3184,-0.0771484375
3185,-0.2080078125
3186,-0.0927734375
3187,-0.005859375
3188,-0.0537109375
3189,-0.2216796875
3190,-0.1279296875
3191,-0.0361328125
3192,-0.0751953125
3193,-0.21484375
3194,-0.056640625
3195,0.0341796875
3196,-0.013671875
3197,-0.1083984375
3198,0.0322265625
3199,0.1123046875
3200,0.0478515625
3201,-0.0810546875
3202,-0.013671875
3203,0.0556640625
3204,-0.0048828125
3205,-0.123046875
3206,0.01953125
3207,0.0947265625
3208,0.03515625
3209,-0.0458984375
3210,0.0869140625
3211,0.1572265625
3212,0.0830078125
3213,-0.00390625
3214,0.1201171875
3215,0.1845703125
3216,0.1044921875
3217,0.00390625
3218,0.1240234375
3219,0.1904296875
3220,0.107421875
3221,0.009765625
3222,0.12890625
3223,0.19140625
3224,0.109375
3225,-0.0107421875
3226,0.0458984375
3227,0.10546875
3228,0.0302734375
3229,-0.1162109375
3230,-0.0166015625
3231,0.0498046875
3232,-0.0146484375
3233,-0.2216796875
3234,-0.1376953125
3235,-0.046875
3236,-0.083984375
3237,-0.2138671875
3238,-0.0986328125
3239,-0.01171875
3240,-0.05859375
3241,-0.2294921875
3242,-0.1328125
3243,-0.0400390625
3244,-0.08203125
3245,-0.2216796875
3246,-0.0615234375
3247,0.0263671875
3248,-0.0185546875
3249,-0.115234375
3250,0.0283203125
3251,0.1064453125
3252,0.04296875
3253,-0.08203125
3254,-0.015625
3255,0.0517578125
3256,-0.009765625
3257,-0.12890625
3258,0.0126953125
3259,0.091796875
3260,0.0283203125
3261,-0.0498046875
3262,0.08203125
3263,0.1513671875
3264,0.076171875
3265,-0.0078125
3266,0.115234375
3267,0.1826171875
3268,0.1015625
3269,-0.0009765625
3270,0.1220703125
3271,0.1845703125
3272,0.103515625
3273,0.009765625
3274,0.1298828125
3275,0.19140625
3276,0.1103515625
3277,-0.009765625
3278,0.044921875
3279,0.1025390625
3280,0.02734375
3281,-0.1162109375
3282,-0.017578125
3283,0.0478515625
3284,-0.015625
3285,-0.2216796875
3286,-0.1396484375
3287,-0.0478515625
3288,-0.0888671875
3289,-0.2158203125
3290,-0.1005859375
3291,-0.015625
3292,-0.0615234375
3293,-0.2333984375
3294,-0.13671875
3295,-0.0478515625
3296,-0.0849609375
3297,-0.2255859375
3298,-0.064453125
3299,0.0234375
3300,-0.021484375
3301,-0.1201171875
3302,0.0224609375
3303,0.099609375
3304,0.037109375
3305,-0.078125
3306,-0.013671875
3307,0.0576171875
3308,-0.0068359375
3309,-0.125
3310,0.01171875
3311,0.0908203125
3312,0.03125
3313,-0.1025390625
3314,-0.0419921875
3315,0.03125
3316,-0.0224609375
3317,-0.158203125
3318,-0.01171875
3319,0.06640625
3320,0.0146484375
3321,-0.09765625
3322,-0.0302734375
3323,0.041015625
3324,-0.015625
3325,-0.15234375
3326,-0.0078125
3327,0.072265625
3328,0.0166015625
3329,-0.1357421875
3330,-0.076171875
3331,0.0048828125
3332,-0.044921875
3333,-0.17578125
3334,-0.0654296875
3335,0.0126953125
3336,-0.0380859375
3337,-0.2099609375
3338,-0.115234375
3339,-0.02734375
3340,-0.0673828125
3341,-0.20703125
3342,-0.0498046875
3343,0.0361328125
3344,-0.009765625
3345,-0.1064453125
3346,0.0361328125
3347,0.1123046875
3348,0.0478515625
3349,-0.0693359375
3350,-0.00390625
3351,0.0673828125
3352,0.00390625
3353,-0.1171875
3354,0.0234375
3355,0.1025390625
3356,0.0390625
3357,-0.0927734375
3358,-0.0322265625
3359,0.0419921875
3360,-0.015625
3361,-0.150390625
3362,-0.0029296875
3363,0.0791015625
3364,0.021484375
3365,-0.0888671875
3366,-0.021484375
3367,0.0478515625
3368,-0.0078125
3369,-0.1416015625
3370,0.0009765625
3371,0.078125
3372,0.0244140625
3373,-0.1279296875
3374,-0.0693359375
3375,0.0087890625
3376,-0.0380859375
3377,-0.16796875
3378,-0.0595703125
3379,0.0185546875
3380,-0.0302734375
3381,-0.2021484375
3382,-0.109375
3383,-0.0244140625
3384,-0.0595703125
3385,-0.2001953125
3386,-0.0439453125
3387,0.041015625
3388,-0.001953125
3389,-0.0986328125
3390,0.0419921875
3391,0.1142578125
3392,0.0537109375
3393,-0.064453125
3394,0.0
3395,0.0703125
3396,0.0078125
3397,-0.1103515625
3398,0.0263671875
3399,0.1025390625
3400,0.04296875
3401,-0.0888671875
3402,-0.02734375
3403,0.04296875
3404,-0.009765625
3405,-0.142578125
3406,0.0
3407,0.0771484375
3408,0.02734375
3409,-0.083984375
3410,-0.017578125
3411,0.048828125
3412,-0.0029296875
3413,-0.138671875
3414,0.005859375
3415,0.0791015625
3416,0.0283203125
3417,-0.123046875
3418,-0.064453125
3419,0.0126953125
3420,-0.033203125
3421,-0.162109375
3422,-0.056640625
3423,0.021484375
3424,-0.0263671875
3425,-0.197265625
3426,-0.107421875
3427,-0.0205078125
3428,-0.0576171875
3429,-0.1943359375
3430,-0.0400390625
3431,0.0439453125
3432,0.0009765625
3433,-0.0947265625
3434,0.044921875
3435,0.1201171875
3436,0.0595703125
3437,-0.0576171875
3438,0.005859375
3439,0.07421875
3440,0.0146484375
3441,-0.109375
3442,0.029296875
3443,0.1064453125
3444,0.046875
3445,-0.0849609375
3446,-0.0263671875
3447,0.0498046875
3448,-0.0068359375
3449,-0.1396484375
3450,0.005859375
3451,0.083984375
3452,0.0283203125
3453,-0.080078125
3454,-0.0146484375
3455,0.0546875
3456,0.0
3457,-0.1357421875
3458,0.0068359375
3459,0.0849609375
3460,0.03125
3461,-0.12109375
3462,-0.0615234375
3463,0.0146484375
3464,-0.0302734375
3465,-0.1611328125
3466,-0.052734375
3467,0.02734375
3468,-0.0234375
3469,-0.193359375
3470,-0.1015625
3471,-0.015625
3472,-0.056640625
3473,-0.1953125
3474,-0.0380859375
3475,0.048828125
3476,0.00390625
3477,-0.0927734375
3478,0.0478515625
3479,0.1240234375
3480,0.0634765625
3481,-0.064453125
3482,-0.001953125
3483,0.0673828125
3484,0.0087890625
3485,-0.1162109375
3486,0.0263671875
3487,0.1015625
3488,0.0439453125
3489,-0.037109375
3490,0.09375
3491,0.162109375
3492,0.0908203125
3493,0.00390625
3494,0.1279296875
3495,0.1923828125
3496,0.1142578125
3497,0.01171875
3498,0.1318359375
3499,0.1953125
3500,0.1162109375
3501,0.015625
3502,0.13671875
3503,0.19921875
3504,0.1181640625
3505,-0.00390625
3506,0.052734375
3507,0.1103515625
3508,0.0380859375
3509,-0.1064453125
3510,-0.0107421875
3511,0.0576171875
3512,-0.0048828125
3513,-0.2119140625
3514,-0.12890625
3515,-0.0361328125
3516,-0.0751953125
3517,-0.203125
3518,-0.08984375
3519,-0.0068359375
3520,-0.048828125
3521,-0.22265625
3522,-0.125
3523,-0.0361328125
3524,-0.072265625
3525,-0.212890625
3526,-0.0537109375
3527,0.0322265625
3528,-0.009765625
3529,-0.1083984375
3530,0.0322265625
3531,0.1103515625
3532,0.0478515625
3533,-0.0673828125
3534,-0.0068359375
3535,0.064453125
3536,0.0048828125
3537,-0.1181640625
3538,0.0205078125
3539,0.0966796875
3540,0.0390625
3541,-0.095703125
3542,-0.0341796875
3543,0.0390625
3544,-0.01171875
3545,-0.1552734375
3546,-0.0068359375
3547,0.0732421875
3548,0.0205078125
3549,-0.0927734375
3550,-0.0244140625
3551,0.0458984375
3552,-0.009765625
3553,-0.142578125
3554,0.0
3555,0.080078125
3556,0.0263671875
3557,-0.1259765625
3558,-0.0673828125
3559,0.0126953125
3560,-0.0341796875
3561,-0.166015625
3562,-0.0576171875
3563,0.0244140625
3564,-0.02734375
3565,-0.201171875
3566,-0.1083984375
3567,-0.021484375
3568,-0.05859375
3569,-0.2021484375
3570,-0.0439453125
3571,0.0419921875
3572,0.0
3573,-0.09765625
3574,0.04296875
3575,0.119140625
3576,0.05859375
3577,-0.068359375
3578,-0.0048828125
3579,0.0654296875
3580,0.0048828125
3581,-0.12109375
3582,0.01953125
3583,0.0986328125
3584,0.0400390625
3585,-0.0419921875
3586,0.087890625
3587,0.1572265625
3588,0.0869140625
3589,-0.001953125
3590,0.12109375
3591,0.1865234375
3592,0.1103515625
3593,0.005859375
3594,0.1259765625
3595,0.1923828125
3596,0.111328125
3597,0.0078125
3598,0.1298828125
3599,0.1904296875
3600,0.111328125
3601,-0.0107421875
3602,0.0419921875
3603,0.1044921875
3604,0.0322265625
3605,-0.1123046875
3606,-0.0146484375
3607,0.0546875
3608,-0.009765625
3609,-0.216796875
3610,-0.130859375
3611,-0.0380859375
3612,-0.0771484375
3613,-0.208984375
3614,-0.0908203125
3615,-0.0048828125
3616,-0.05078125
3617,-0.2255859375
3618,-0.1279296875
3619,-0.037109375
3620,-0.0751953125
3621,-0.21875
3622,-0.0595703125
3623,0.03125
3624,-0.0146484375
3625,-0.1123046875
3626,0.0302734375
3627,0.1123046875
3628,0.0478515625
3629,-0.0791015625
3630,-0.015625
3631,0.0576171875
3632,-0.0029296875
3633,-0.1318359375
3634,0.0126953125
3635,0.0908203125
3636,0.0322265625
3637,-0.05078125
3638,0.0830078125
3639,0.1533203125
3640,0.0810546875
3641,-0.0078125
3642,0.1181640625
3643,0.1865234375
3644,0.10546875
3645,0.0
3646,0.1240234375
3647,0.189453125
3648,0.1064453125
3649,0.0068359375
3650,0.12890625
3651,0.1923828125
3652,0.109375
3653,-0.01171875
3654,0.04296875
3655,0.1015625
3656,0.029296875
3657,-0.1142578125
3658,-0.0166015625
3659,0.05078125
3660,-0.01171875
3661,-0.21875
3662,-0.1357421875
3663,-0.0458984375
3664,-0.0810546875
3665,-0.2099609375
3666,-0.095703125
3667,-0.0107421875
3668,-0.0546875
3669,-0.2294921875
3670,-0.134765625
3671,-0.0439453125
3672,-0.0791015625
3673,-0.2197265625
3674,-0.0615234375
3675,0.0263671875
3676,-0.0166015625
3677,-0.115234375
3678,0.025390625
3679,0.1025390625
3680,0.0419921875
3681,-0.0771484375
3682,-0.0107421875
3683,0.05859375
3684,-0.001953125
3685,-0.125
3686,0.015625
3687,0.091796875
3688,0.03515625
3689,-0.1015625
3690,-0.0400390625
3691,0.0341796875
3692,-0.0185546875
3693,-0.1611328125
3694,-0.0146484375
3695,0.06640625
3696,0.013671875
3697,-0.09765625
3698,-0.0302734375
3699,0.0419921875
3700,-0.015625
3701,-0.1494140625
3702,-0.0048828125
3703,0.07421875
3704,0.0224609375
3705,-0.1318359375
3706,-0.0712890625
3707,0.0087890625
3708,-0.0380859375
3709,-0.1708984375
3710,-0.0615234375
3711,0.0166015625
3712,-0.03125
3713,-0.208984375
3714,-0.11328125
3715,-0.0263671875
3716,-0.064453125
3717,-0.2080078125
3718,-0.0517578125
3719,0.0361328125
3720,-0.0048828125
3721,-0.1064453125
3722,0.033203125
3723,0.1142578125
3724,0.052734375
3725,-0.076171875
3726,-0.0126953125
3727,0.05859375
3728,0.0
3729,-0.130859375
3730,0.013671875
3731,0.09375
3732,0.0361328125
3733,-0.046875
3734,0.0859375
3735,0.15234375
3736,0.0830078125
3737,-0.005859375
3738,0.12109375
3739,0.1865234375
3740,0.107421875
3741,0.0048828125
3742,0.1259765625
3743,0.189453125
3744,0.109375
3745,0.0126953125
3746,0.1328125
3747,0.1953125
3748,0.11328125
3749,-0.0068359375
3750,0.048828125
3751,0.1064453125
3752,0.03515625
3753,-0.1103515625
3754,-0.01171875
3755,0.0546875
3756,-0.0078125
3757,-0.2158203125
3758,-0.1298828125
3759,-0.0400390625
3760,-0.0791015625
3761,-0.208984375
3762,-0.091796875
3763,-0.0068359375
3764,-0.0537109375
3765,-0.228515625
3766,-0.1328125
3767,-0.0400390625
3768,-0.0791015625
3769,-0.2216796875
3770,-0.060546875
3771,0.0302734375
3772,-0.015625
3773,-0.1162109375
3774,0.02734375
3775,0.1083984375
3776,0.0439453125
3777,-0.0859375
3778,-0.01953125
3779,0.0517578125
3780,-0.0068359375
3781,-0.142578125
3782,0.0029296875
3783,0.0830078125
3784,0.0244140625
3785,-0.0546875
3786,0.076171875
3787,0.146484375
3788,0.076171875
3789,-0.0126953125
3790,0.1123046875
3791,0.177734375
3792,0.1005859375
3793,-0.0029296875
3794,0.1181640625
3795,0.1826171875
3796,0.103515625
3797,0.00390625
3798,0.125
3799,0.185546875
3800,0.1064453125
3801,-0.017578125
3802,0.0400390625
3803,0.0986328125
3804,0.02734375
3805,-0.1181640625
3806,-0.0205078125
3807,0.0478515625
3808,-0.013671875
3809,-0.220703125
3810,-0.138671875
3811,-0.0458984375
3812,-0.083984375
3813,-0.212890625
3814,-0.09765625
3815,-0.01171875
3816,-0.056640625
3817,-0.2333984375
3818,-0.1357421875
3819,-0.044921875
3820,-0.0830078125
3821,-0.228515625
3822,-0.0654296875
3823,0.0224609375
3824,-0.01953125
3825,-0.1181640625
3826,0.0234375
3827,0.103515625
3828,0.0419921875
3829,-0.08984375
3830,-0.0224609375
3831,0.0478515625
3832,-0.01171875
3833,-0.1484375
3834,0.0
3835,0.08203125
3836,0.021484375
3837,-0.0615234375
3838,0.0732421875
3839,0.1474609375
3840,0.0712890625
3841,-0.01953125
3842,0.109375
3843,0.1767578125
3844,0.0966796875
3845,-0.0107421875
3846,0.115234375
3847,0.1806640625
3848,0.099609375
3849,-0.0048828125
3850,0.1201171875
3851,0.1845703125
3852,0.099609375
3853,-0.0224609375
3854,0.03515625
3855,0.0986328125
3856,0.0224609375
3857,-0.123046875
3858,-0.0224609375
3859,0.0458984375
3860,-0.0166015625
3861,-0.22265625
3862,-0.1396484375
3863,-0.0458984375
3864,-0.0849609375
3865,-0.216796875
3866,-0.09765625
3867,-0.01171875
3868,-0.05859375
3869,-0.236328125
3870,-0.138671875
3871,-0.0458984375
3872,-0.083984375
3873,-0.234375
3874,-0.072265625
3875,0.0205078125
3876,-0.0234375
3877,-0.1220703125
3878,0.021484375
3879,0.1044921875
3880,0.0400390625
3881,-0.087890625
3882,-0.0234375
3883,0.0517578125
3884,-0.0107421875
3885,-0.14453125
3886,0.0009765625
3887,0.0810546875
3888,0.0234375
3889,-0.0615234375
3890,0.0732421875
3891,0.14453125
3892,0.07421875
3893,-0.021484375
3894,0.107421875
3895,0.1748046875
3896,0.0966796875
3897,-0.0107421875
3898,0.11328125
3899,0.1806640625
3900,0.095703125
3901,-0.0068359375
3902,0.115234375
3903,0.1826171875
3904,0.0986328125
3905,-0.0234375
3906,0.03125
3907,0.09375
3908,0.0205078125
3909,-0.1240234375
3910,-0.025390625
3911,0.04296875
3912,-0.0185546875
3913,-0.2265625
3914,-0.140625
3915,-0.048828125
3916,-0.0859375
3917,-0.2177734375
3918,-0.1005859375
3919,-0.0146484375
3920,-0.05859375
3921,-0.2392578125
3922,-0.142578125
3923,-0.0498046875
3924,-0.0869140625
3925,-0.2353515625
3926,-0.0732421875
3927,0.0205078125
3928,-0.0244140625
3929,-0.1240234375
3930,0.01953125
3931,0.1025390625
3932,0.0380859375
3933,-0.0908203125
3934,-0.025390625
3935,0.0458984375
3936,-0.013671875
3937,-0.1484375
3938,-0.0009765625
3939,0.078125
3940,0.021484375
3941,-0.0625
3942,0.0732421875
3943,0.142578125
3944,0.0712890625
3945,-0.021484375
3946,0.10546875
3947,0.171875
3948,0.0947265625
3949,-0.0107421875
3950,0.1103515625
3951,0.17578125
3952,0.09765625
3953,-0.00390625
3954,0.1162109375
3955,0.1806640625
3956,0.1005859375
3957,-0.0234375
3958,0.0322265625
3959,0.0927734375
3960,0.021484375
3961,-0.1240234375
3962,-0.0224609375
3963,0.04296875
3964,-0.017578125
3965,-0.216796875
3966,-0.1328125
3967,-0.0419921875
3968,-0.0810546875
3969,-0.2529296875
3970,-0.16015625
3971,-0.0615234375
3972,-0.0966796875
3973,-0.2177734375
3974,-0.1005859375
3975,-0.0146484375
3976,-0.0595703125
3977,-0.1748046875
3978,-0.0625
3979,0.0146484375
3980,-0.037109375
3981,-0.1572265625
3982,-0.0517578125
3983,0.0234375
3984,-0.0302734375
3985,-0.154296875
3986,-0.0498046875
3987,0.0283203125
3988,-0.0263671875
3989,-0.1689453125
3990,-0.060546875
3991,0.0185546875
3992,-0.0341796875
3993,-0.2021484375
3994,-0.048828125
3995,0.0390625
3996,-0.0068359375
3997,-0.138671875
3998,-0.072265625
3999,0.0087890625
4000,-0.0380859375
4001,-0.1611328125
4002,-0.052734375
4003,0.0244140625
4004,-0.0263671875
4005,-0.154296875
4006,-0.04296875
4007,0.03125
4008,-0.0224609375
4009,-0.1533203125
4010,-0.046875
4011,0.029296875
4012,-0.0224609375
4013,-0.154296875
4014,-0.0498046875
4015,0.0283203125
4016,-0.0224609375
4017,-0.134765625
4018,-0.029296875
4019,0.0478515625
4020,-0.0087890625
4021,-0.1484375
4022,-0.0419921875
4023,0.03515625
4024,-0.0185546875
4025,-0.166015625
4026,-0.056640625
4027,0.0244140625
4028,-0.0263671875
4029,-0.1748046875
4030,-0.0654296875
4031,0.0146484375
4032,-0.0322265625
4033,-0.1875
4034,-0.0732421875
4035,0.009765625
4036,-0.0380859375
4037,-0.15625
4038,-0.0458984375
4039,0.0341796875
4040,-0.01953125
4041,-0.16796875
4042,-0.0556640625
4043,0.0263671875
4044,-0.0263671875
4045,-0.1640625
4046,-0.013671875
4047,0.0703125
4048,0.0205078125
4049,-0.1171875
4050,-0.05078125
4051,0.0302734375
4052,-0.0185546875
4053,-0.1728515625
4054,-0.0185546875
4055,0.0654296875
4056,0.0185546875
4057,-0.0908203125
4058,-0.0224609375
4059,0.0546875
4060,-0.001953125
4061,-0.15234375
4062,-0.00390625
4063,0.080078125
4064,0.02734375
4065,-0.130859375
4066,-0.0654296875
4067,0.017578125
4068,-0.029296875
4069,-0.158203125
4070,-0.048828125
4071,0.0322265625
4072,-0.0166015625
4073,-0.1484375
4074,-0.037109375
4075,0.0400390625
4076,-0.0107421875
4077,-0.15625
4078,-0.044921875
4079,0.03515625
4080,-0.015625
4081,-0.1552734375
4082,-0.0048828125
4083,0.0791015625
4084,0.02734375
4085,-0.08984375
4086,-0.025390625
4087,0.0517578125
4088,-0.0009765625
4089,-0.1240234375
4090,0.0205078125
4091,0.1015625
4092,0.0458984375
4093,-0.0830078125
4094,-0.01953125
4095,0.056640625
4096,0.001953125
4097,-0.14453125
4098,-0.041015625
4099,0.0380859375
4100,-0.01171875
4101,-0.19921875
4102,-0.0810546875
4103,0.00390625
4104,-0.0380859375
4105,-0.19140625
4106,-0.078125
4107,0.009765625
4108,-0.03515625
4109,-0.1689453125
4110,-0.0556640625
4111,0.0302734375
4112,-0.0185546875
4113,-0.15234375
4114,-0.0419921875
4115,0.0400390625
4116,-0.01171875
4117,-0.1337890625
4118,-0.0244140625
4119,0.0498046875
4120,-0.0009765625
4121,-0.1142578125
4122,-0.0068359375
4123,0.0673828125
4124,0.01171875
4125,-0.13671875
4126,-0.02734375
4127,0.0478515625
4128,-0.00390625
4129,-0.142578125
4130,0.005859375
4131,0.08984375
4132,0.0380859375
4133,-0.078125
4134,-0.015625
4135,0.0595703125
4136,0.0078125
4137,-0.115234375
4138,0.02734375
4139,0.1064453125
4140,0.052734375
4141,-0.076171875
4142,-0.0126953125
4143,0.0634765625
4144,0.0087890625
4145,-0.13671875
4146,-0.033203125
4147,0.044921875
4148,-0.00390625
4149,-0.189453125
4150,-0.0751953125
4151,0.0126953125
4152,-0.0322265625
4153,-0.1748046875
4154,-0.0625
4155,0.0244140625
4156,-0.0234375
4157,-0.142578125
4158,-0.03515625
4159,0.0458984375
4160,-0.005859375
4161,-0.1318359375
4162,-0.021484375
4163,0.052734375
4164,0.0
4165,-0.130859375
4166,-0.0224609375
4167,0.0556640625
4168,0.0029296875
4169,-0.1435546875
4170,-0.033203125
4171,0.044921875
4172,-0.005859375
4173,-0.1552734375
4174,-0.04296875
4175,0.03515625
4176,-0.01171875
4177,-0.1474609375
4178,-0.0380859375
4179,0.0419921875
4180,-0.005859375
4181,-0.1533203125
4182,-0.0009765625
4183,0.0830078125
4184,0.0361328125
4185,-0.0673828125
4186,0.0712890625
4187,0.1474609375
4188,0.0830078125
4189,-0.029296875
4190,0.0361328125
4191,0.1015625
4192,0.0390625
4193,-0.1162109375
4194,0.029296875
4195,0.109375
4196,0.052734375
4197,-0.107421875
4198,-0.0439453125
4199,0.037109375
4200,-0.0107421875
4201,-0.1396484375
4202,-0.0322265625
4203,0.0478515625
4204,-0.0029296875
4205,-0.1328125
4206,-0.025390625
4207,0.0498046875
4208,0.0009765625
4209,-0.1484375
4210,-0.03515625
4211,0.0419921875
4212,-0.005859375
4213,-0.1416015625
4214,0.0068359375
4215,0.0859375
4216,0.0380859375
4217,-0.078125
4218,-0.0126953125
4219,0.0634765625
4220,0.009765625
4221,-0.115234375
4222,0.0283203125
4223,0.1083984375
4224,0.0546875
4225,-0.072265625
4226,-0.0107421875
4227,0.06640625
4228,0.01171875
4229,-0.1318359375
4230,-0.03125
4231,0.0439453125
4232,-0.0009765625
4233,-0.185546875
4234,-0.072265625
4235,0.01171875
4236,-0.0263671875
4237,-0.171875
4238,-0.060546875
4239,0.021484375
4240,-0.017578125
4241,-0.138671875
4242,-0.0322265625
4243,0.0458984375
4244,-0.0029296875
4245,-0.1279296875
4246,-0.01953125
4247,0.052734375
4248,0.0029296875
4249,-0.1259765625
4250,-0.0205078125
4251,0.0546875
4252,0.0048828125
4253,-0.1396484375
4254,-0.0322265625
4255,0.044921875
4256,-0.001953125
4257,-0.1552734375
4258,-0.0419921875
4259,0.033203125
4260,-0.0087890625
4261,-0.1474609375
4262,-0.037109375
4263,0.0390625
4264,-0.00390625
4265,-0.138671875
4266,0.0107421875
4267,0.095703125
4268,0.044921875
4269,-0.0498046875
4270,0.0849609375
4271,0.1591796875
4272,0.0947265625
4273,-0.0185546875
4274,0.04296875
4275,0.1083984375
4276,0.0458984375
4277,-0.1083984375
4278,0.03515625
4279,0.1123046875
4280,0.05859375
4281,-0.1044921875
4282,-0.0390625
4283,0.0380859375
4284,-0.0068359375
4285,-0.138671875
4286,-0.0322265625
4287,0.0478515625
4288,-0.001953125
4289,-0.1318359375
4290,-0.025390625
4291,0.0517578125
4292,0.001953125
4293,-0.1435546875
4294,-0.0341796875
4295,0.044921875
4296,-0.00390625
4297,-0.1416015625
4298,0.0087890625
4299,0.091796875
4300,0.0400390625
4301,-0.0771484375
4302,-0.01171875
4303,0.0634765625
4304,0.0107421875
4305,-0.1171875
4306,0.0302734375
4307,0.1083984375
4308,0.0546875
4309,-0.0732421875
4310,-0.0078125
4311,0.0693359375
4312,0.0126953125
4313,-0.1318359375
4314,-0.0302734375
4315,0.0498046875
4316,-0.0009765625
4317,-0.1865234375
4318,-0.0732421875
4319,0.0126953125
4320,-0.02734375
4321,-0.181640625
4322,-0.06640625
4323,0.017578125
4324,-0.0244140625
4325,-0.158203125
4326,-0.0439453125
4327,0.03515625
4328,-0.0087890625
4329,-0.1435546875
4330,-0.0302734375
4331,0.0478515625
4332,0.0
4333,-0.1240234375
4334,-0.017578125
4335,0.060546875
4336,0.0078125
4337,-0.1044921875
4338,-0.0009765625
4339,0.0751953125
4340,0.0205078125
4341,-0.1259765625
4342,-0.01953125
4343,0.0576171875
4344,0.005859375
4345,-0.13671875
4346,0.015625
4347,0.0966796875
4348,0.0458984375
4349,-0.07421875
4350,-0.0068359375
4351,0.0654296875
4352,0.013671875
4353,-0.1142578125
4354,0.0341796875
4355,0.111328125
4356,0.056640625
4357,-0.0673828125
4358,-0.0068359375
4359,0.0712890625
4360,0.015625
4361,-0.12890625
4362,-0.02734375
4363,0.052734375
4364,0.0009765625
4365,-0.1787109375
4366,-0.06640625
4367,0.0185546875
4368,-0.0224609375
4369,-0.1689453125
4370,-0.0556640625
4371,0.029296875
4372,-0.0146484375
4373,-0.13671875
4374,-0.0283203125
4375,0.0517578125
4376,0.0029296875
4377,-0.126953125
4378,-0.015625
4379,0.060546875
4380,0.0078125
4381,-0.125
4382,-0.017578125
4383,0.060546875
4384,0.0078125
4385,-0.13671875
4386,-0.02734375
4387,0.0537109375
4388,0.001953125
4389,-0.1474609375
4390,-0.037109375
4391,0.04296875
4392,-0.0048828125
4393,-0.14453125
4394,-0.03125
4395,0.0478515625
4396,0.0
4397,-0.1357421875
4398,0.015625
4399,0.099609375
4400,0.048828125
4401,-0.0478515625
4402,0.0888671875
4403,0.162109375
4404,0.0966796875
4405,-0.0185546875
4406,0.0439453125
4407,0.1103515625
4408,0.0478515625
4409,-0.1083984375
4410,0.0361328125
4411,0.1171875
4412,0.0615234375
4413,-0.1025390625
4414,-0.0380859375
4415,0.0400390625
4416,-0.00390625
4417,-0.13671875
4418,-0.029296875
4419,0.0517578125
4420,0.0029296875
4421,-0.12890625
4422,-0.0205078125
4423,0.0576171875
4424,0.005859375
4425,-0.1396484375
4426,-0.0302734375
4427,0.048828125
4428,0.0
4429,-0.1376953125
4430,0.013671875
4431,0.09765625
4432,0.04296875
4433,-0.0712890625
4434,-0.0068359375
4435,0.0732421875
4436,0.0146484375
4437,-0.1142578125
4438,0.03515625
4439,0.1162109375
4440,0.05859375
4441,-0.068359375
4442,-0.00390625
4443,0.0751953125
4444,0.0166015625
4445,-0.1318359375
4446,-0.025390625
4447,0.0546875
4448,0.0009765625
4449,-0.1875
4450,-0.072265625
4451,0.0185546875
4452,-0.0263671875
4453,-0.181640625
4454,-0.06640625
4455,0.0224609375
4456,-0.021484375
4457,-0.1572265625
4458,-0.0419921875
4459,0.04296875
4460,-0.0068359375
4461,-0.1416015625
4462,-0.0283203125
4463,0.0537109375
4464,0.0009765625
4465,-0.1240234375
4466,-0.0146484375
4467,0.064453125
4468,0.0107421875
4469,-0.103515625
4470,0.001953125
4471,0.0810546875
4472,0.0224609375
4473,-0.1259765625
4474,-0.015625
4475,0.0654296875
4476,0.0087890625
4477,-0.134765625
4478,0.0166015625
4479,0.1025390625
4480,0.0478515625
4481,-0.072265625
4482,-0.0048828125
4483,0.0732421875
4484,0.0166015625
4485,-0.1123046875
4486,0.0361328125
4487,0.1171875
4488,0.0595703125
4489,-0.06640625
4490,-0.0029296875
4491,0.076171875
4492,0.0185546875
4493,-0.126953125
4494,-0.0234375
4495,0.0576171875
4496,0.005859375
4497,-0.177734375
4498,-0.0615234375
4499,0.025390625
4500,-0.0205078125
4501,-0.1669921875
4502,-0.0556640625
4503,0.0341796875
4504,-0.013671875
4505,-0.1376953125
4506,-0.0244140625
4507,0.0546875
4508,0.0048828125
4509,-0.1279296875
4510,-0.015625
4511,0.0615234375
4512,0.0087890625
4513,-0.1279296875
4514,-0.015625
4515,0.0634765625
4516,0.0087890625
4517,-0.1376953125
4518,-0.0263671875
4519,0.0556640625
4520,0.0009765625
4521,-0.1474609375
4522,-0.033203125
4523,0.048828125
4524,-0.0029296875
4525,-0.1396484375
4526,-0.0283203125
4527,0.0517578125
4528,0.00390625
4529,-0.134765625
4530,0.0166015625
4531,0.103515625
4532,0.0517578125
4533,-0.046875
4534,0.0908203125
4535,0.166015625
4536,0.099609375
4537,-0.0205078125
4538,0.044921875
4539,0.11328125
4540,0.0458984375
4541,-0.1083984375
4542,0.037109375
4543,0.1171875
4544,0.060546875
4545,-0.1025390625
4546,-0.0380859375
4547,0.044921875
4548,-0.0048828125
4549,-0.1337890625
4550,-0.02734375
4551,0.0546875
4552,0.0048828125
4553,-0.12890625
4554,-0.0185546875
4555,0.060546875
4556,0.0078125
4557,-0.1376953125
4558,-0.0263671875
4559,0.0556640625
4560,0.0029296875
4561,-0.1318359375
4562,0.0185546875
4563,0.1025390625
4564,0.0478515625
4565,-0.0654296875
4566,-0.001953125
4567,0.0751953125
4568,0.017578125
4569,-0.107421875
4570,0.0380859375
4571,0.1201171875
4572,0.0615234375
4573,-0.0654296875
4574,-0.0029296875
4575,0.0751953125
4576,0.01953125
4577,-0.1279296875
4578,-0.0234375
4579,0.0556640625
4580,0.00390625
4581,-0.1767578125
4582,-0.060546875
4583,0.0224609375
4584,-0.0185546875
4585,-0.1640625
4586,-0.052734375
4587,0.0341796875
4588,-0.01171875
4589,-0.1337890625
4590,-0.0263671875
4591,0.0537109375
4592,0.00390625
4593,-0.130859375
4594,-0.0185546875
4595,0.0556640625
4596,0.0048828125
4597,-0.12890625
4598,-0.01953125
4599,0.056640625
4600,0.0078125
4601,-0.1376953125
4602,-0.02734375
4603,0.05078125
4604,0.0029296875
4605,-0.1484375
4606,-0.037109375
4607,0.04296875
4608,-0.00390625
4609,-0.1396484375
4610,-0.029296875
4611,0.05078125
4612,0.0029296875
4613,-0.14453125
4614,0.0068359375
4615,0.0927734375
4616,0.0439453125
4617,-0.0615234375
4618,0.0810546875
4619,0.154296875
4620,0.0908203125
4621,-0.0302734375
4622,0.0361328125
4623,0.1025390625
4624,0.0419921875
4625,-0.11328125
4626,0.033203125
4627,0.11328125
4628,0.05859375
4629,-0.1025390625
4630,-0.0380859375
4631,0.041015625
4632,-0.0048828125
4633,-0.1328125
4634,-0.0283203125
4635,0.052734375
4636,0.0029296875
4637,-0.1259765625
4638,-0.021484375
4639,0.0556640625
4640,0.0078125
4641,-0.13671875
4642,-0.029296875
4643,0.048828125
4644,0.001953125
4645,-0.1357421875
4646,0.0126953125
4647,0.0927734375
4648,0.046875
4649,-0.0673828125
4650,-0.0068359375
4651,0.0673828125
4652,0.0205078125
4653,-0.1083984375
4654,0.0361328125
4655,0.1123046875
4656,0.060546875
4657,-0.0634765625
4658,-0.0029296875
4659,0.0712890625
4660,0.01953125
4661,-0.1240234375
4662,-0.0234375
4663,0.0537109375
4664,0.005859375
4665,-0.1806640625
4666,-0.0673828125
4667,0.0166015625
4668,-0.0234375
4669,-0.17578125
4670,-0.0625
4671,0.017578125
4672,-0.01953125
4673,-0.1533203125
4674,-0.041015625
4675,0.0390625
4676,-0.0029296875
4677,-0.1357421875
4678,-0.0283203125
4679,0.0498046875
4680,0.00390625
4681,-0.1171875
4682,-0.0126953125
4683,0.064453125
4684,0.013671875
4685,-0.09765625
4686,0.0048828125
4687,0.0771484375
4688,0.0263671875
4689,-0.12109375
4690,-0.015625
4691,0.0595703125
4692,0.01171875
4693,-0.125
4694,0.0234375
4695,0.1005859375
4696,0.0537109375
4697,-0.0615234375
4698,0.001953125
4699,0.0751953125
4700,0.0244140625
4701,-0.103515625
4702,0.0380859375
4703,0.1171875
4704,0.064453125
4705,-0.060546875
4706,0.0
4707,0.0732421875
4708,0.0224609375
4709,-0.1240234375
4710,-0.0224609375
4711,0.0537109375
4712,0.0078125
4713,-0.1787109375
4714,-0.064453125
4715,0.0185546875
4716,-0.01953125
4717,-0.173828125
4718,-0.0595703125
4719,0.021484375
4720,-0.01953125
4721,-0.1513671875
4722,-0.0400390625
4723,0.04296875
4724,-0.00390625
4725,-0.1357421875
4726,-0.0244140625
4727,0.0546875
4728,0.005859375
4729,-0.1162109375
4730,-0.0107421875
4731,0.064453125
4732,0.0126953125
4733,-0.09765625
4734,0.0068359375
4735,0.0810546875
4736,0.02734375
4737,-0.1201171875
4738,-0.0126953125
4739,0.0634765625
4740,0.0126953125
4741,-0.125
4742,0.0224609375
4743,0.1025390625
4744,0.0546875
4745,-0.0615234375
4746,0.0
4747,0.076171875
4748,0.0224609375
4749,-0.1025390625
4750,0.0400390625
4751,0.1181640625
4752,0.06640625
4753,-0.0615234375
4754,0.0009765625
4755,0.0771484375
4756,0.0234375
4757,-0.1220703125
4758,-0.0185546875
4759,0.056640625
4760,0.0087890625
4761,-0.177734375
4762,-0.0615234375
4763,0.021484375
4764,-0.0185546875
4765,-0.1640625
4766,-0.0498046875
4767,0.03125
4768,-0.0107421875
4769,-0.1328125
4770,-0.0234375
4771,0.0537109375
4772,0.005859375
4773,-0.1259765625
4774,-0.017578125
4775,0.0595703125
4776,0.0087890625
4777,-0.1240234375
4778,-0.017578125
4779,0.0615234375
4780,0.01171875
4781,-0.1337890625
4782,-0.0244140625
4783,0.0517578125
4784,0.005859375
4785,-0.1435546875
4786,-0.03125
4787,0.044921875
4788,0.0009765625
4789,-0.1376953125
4790,-0.02734375
4791,0.05078125
4792,0.0048828125
4793,-0.1484375
4794,0.00390625
4795,0.0908203125
4796,0.0439453125
4797,-0.0576171875
4798,0.0791015625
4799,0.1552734375
4800,0.0927734375
4801,-0.029296875
4802,0.0341796875
4803,0.1015625
4804,0.0419921875
4805,-0.111328125
4806,0.0341796875
4807,0.1123046875
4808,0.0615234375
4809,-0.1005859375
4810,-0.03515625
4811,0.044921875
4812,-0.0009765625
4813,-0.130859375
4814,-0.0244140625
4815,0.0556640625
4816,0.005859375
4817,-0.123046875
4818,-0.017578125
4819,0.0595703125
4820,0.0107421875
4821,-0.1337890625
4822,-0.025390625
4823,0.0537109375
4824,0.005859375
4825,-0.1337890625
4826,0.015625
4827,0.0966796875
4828,0.046875
4829,-0.0693359375
4830,-0.0048828125
4831,0.0693359375
4832,0.0185546875
4833,-0.111328125
4834,0.03515625
4835,0.11328125
4836,0.0615234375
4837,-0.06640625
4838,-0.0029296875
4839,0.072265625
4840,0.0185546875
4841,-0.1240234375
4842,-0.0234375
4843,0.0556640625
4844,0.0068359375
4845,-0.1767578125
4846,-0.0625
4847,0.0205078125
4848,-0.01953125
4849,-0.1640625
4850,-0.0517578125
4851,0.03125
4852,-0.009765625
4853,-0.1337890625
4854,-0.0234375
4855,0.052734375
4856,0.0068359375
4857,-0.1279296875
4858,-0.017578125
4859,0.056640625
4860,0.0087890625
4861,-0.126953125
4862,-0.0205078125
4863,0.0576171875
4864,0.0078125
4865,-0.1357421875
4866,-0.02734375
4867,0.0517578125
4868,0.00390625
4869,-0.14453125
4870,-0.033203125
4871,0.04296875
4872,-0.0009765625
4873,-0.138671875
4874,-0.0283203125
4875,0.05078125
4876,0.005859375
4877,-0.1435546875
4878,0.0087890625
4879,0.0927734375
4880,0.046875
4881,-0.0546875
4882,0.0810546875
4883,0.1552734375
4884,0.0947265625
4885,-0.0302734375
4886,0.0322265625
4887,0.0986328125
4888,0.04296875
4889,-0.1103515625
4890,0.0341796875
4891,0.11328125
4892,0.0615234375
4893,-0.1015625
4894,-0.0380859375
4895,0.0400390625
4896,-0.0029296875
4897,-0.1328125
4898,-0.0263671875
4899,0.0517578125
4900,0.0078125
4901,-0.1240234375
4902,-0.0166015625
4903,0.056640625
4904,0.009765625
4905,-0.1357421875
4906,-0.0263671875
4907,0.0556640625
4908,0.005859375
4909,-0.13671875
4910,0.013671875
4911,0.095703125
4912,0.046875
4913,-0.0703125
4914,-0.005859375
4915,0.068359375
4916,0.017578125
4917,-0.11328125
4918,0.0322265625
4919,0.1123046875
4920,0.0615234375
4921,-0.0654296875
4922,-0.001953125
4923,0.07421875
4924,0.01953125
4925,-0.125
4926,-0.0224609375
4927,0.0537109375
4928,0.0078125
4929,-0.1787109375
4930,-0.0615234375
4931,0.0205078125
4932,-0.0185546875
4933,-0.1640625
4934,-0.05078125
4935,0.0322265625
4936,-0.0107421875
4937,-0.1328125
4938,-0.0234375
4939,0.0546875
4940,0.0048828125
4941,-0.1318359375
4942,-0.01953125
4943,0.0546875
4944,0.0068359375
4945,-0.1279296875
4946,-0.01953125
4947,0.05859375
4948,0.0078125
4949,-0.1357421875
4950,-0.025390625
4951,0.052734375
4952,0.00390625
4953,-0.142578125
4954,-0.0302734375
4955,0.0478515625
4956,0.0
4957,-0.13671875
4958,-0.0263671875
4959,0.0517578125
4960,0.0048828125
4961,-0.1328125
4962,0.015625
4963,0.1025390625
4964,0.0517578125
4965,-0.046875
4966,0.0908203125
4967,0.162109375
4968,0.1015625
4969,-0.0234375
4970,0.0419921875
4971,0.109375
4972,0.046875
4973,-0.1123046875
4974,0.03515625
4975,0.1171875
4976,0.0615234375
4977,-0.103515625
4978,-0.0400390625
4979,0.044921875
4980,-0.0048828125
4981,-0.1328125
4982,-0.0263671875
4983,0.0576171875
4984,0.0048828125
4985,-0.1279296875
4986,-0.017578125
4987,0.060546875
4988,0.0087890625
4989,-0.1376953125
4990,-0.0244140625
4991,0.0546875
4992,0.0048828125
4993,-0.1318359375
4994,0.0205078125
4995,0.1025390625
4996,0.05078125
4997,-0.0654296875
4998,-0.001953125
4999,0.0732421875
